section,title,duration,price,cat_students,url
Непрерывное медицинское образование (НМО),Воспалительные и бронхообструктивные заболевания легких,36 часов,3000 руб.,"Врачи по специальности «Пульмонология», «Терапия», «Педиатрия», «Общая врачебная практика».",https://xn--e1ako1a.xn--p1ai/uslugi/nmo/vospalitelnye-i-bronkhoobstruktivnye-zabolevaniya-legkikh/
Непрерывное медицинское образование (НМО),Безметалловые конструкции зубных протезов,36 часов,3000 руб.,"Врачи по специальности «Стоматология ортопедическая», «Стоматология терапевтическая», «Стоматология детская», «Стоматология хирургическая», «Стоматология общей практики».",https://xn--e1ako1a.xn--p1ai/uslugi/nmo/bezmetallovye-konstruktsii-zubnykh-protezov/
Непрерывное медицинское образование (НМО),Безопасная работа с возбудителями особо опасных инфекций 1 и 2 класса,36 часов,3000 руб.,"Лица, имеющие высшее медицинское образование по следующим специальностям: Основная специальность: «Эпидемиология» Дополнительные специальности: «Бактериология», «Вирусология», «Паразитология», «Дезинфектология».",https://xn--e1ako1a.xn--p1ai/uslugi/nmo/bezopasnaya-rabota-s-vozbuditelyami-osobo-opasnykh-infektsiy-1-i-2-klassa/
Непрерывное медицинское образование (НМО),Безопасность работ с микроорганизмами III-IV групп патогенности,36 часов,5000 руб.,"После завершения обучениявыдается удостоверение о повышении квалификации установленного образца, а также медицинский сертификат.",https://xn--e1ako1a.xn--p1ai/uslugi/nmo/bezopasnost-rabot-s-mikroorganizmami-iii-iv-grupp-patogennosti/
Непрерывное медицинское образование (НМО),Избранные вопросы сестринского дела в психиатрии. Эпилепсия,72 часов,от 6000 руб,"Лица, имеющие среднее медицинское образование последующим специальностям:",https://xn--e1ako1a.xn--p1ai/uslugi/nmo/izbrannye-voprosy-sestrinskogo-dela-v-psikhiatrii-epilepsiya/
Непрерывное медицинское образование (НМО),Избранные вопросы сестринского дела в психиатрии. Аффективные психозы,72 часов,от 6000 руб,"Лица, имеющие среднее медицинское образование последующим специальностям:",https://xn--e1ako1a.xn--p1ai/uslugi/nmo/izbrannye-voprosy-sestrinskogo-dela-v-psikhiatrii-affektivnye-psikhozy/
Непрерывное медицинское образование (НМО),Избранные вопросы сестринского дела в психиатрии. Пограничные психические нарушения,72 часов,от 6000 руб,"Лица, имеющие среднее медицинское образование по следующим специальностям: Основная специальность:Сестринское дело. Дополнительныеспециальности:Лечебное дело. Общая практика. Наркология. Медико-социальная помощь. Реабилитационное сестринское дело. Скорая и неотложная помощь.",https://xn--e1ako1a.xn--p1ai/uslugi/nmo/izbrannye-voprosy-sestrinskogo-dela-v-psikhiatrii-pogranichnye-psikhicheskie-narusheniya/
Непрерывное медицинское образование (НМО),Избранные вопросы сестринского дела в психиатрии. Психические нарушения при сосудистых заболеваниях головного мозга,72 часов,от 15000 руб,"Лица, имеющие среднее медицинское образование по следующим специальностям: Основная специальность:Сестринское дело. Дополнительныеспециальности:Лечебное дело. Общая практика. Наркология. Медико-социальная помощь. Реабилитационное сестринское дело. Скорая и неотложная помощь.",https://xn--e1ako1a.xn--p1ai/uslugi/nmo/izbrannye-voprosy-sestrinskogo-dela-v-psikhiatrii-psikhicheskie-narusheniya-pri-sosudistykh-zaboleva/
Непрерывное медицинское образование (НМО),Актуальные вопросы применения лучевой диагностики,36 часов,3000 руб.,"Лица, имеющие среднее медицинское образование по следующим специальностям: Основная специальность:Рентгенология. Дополнительные специальности:Лечебное дело, Операционное дело, Общая практика, Сестринское дело, Сестринское дело в педиатрии, Скорая и неотложная помощь.",https://xn--e1ako1a.xn--p1ai/uslugi/nmo/aktualnye-voprosy-primeneniya-luchevoy-diagnostiki-dlya-issledovaniya-stroeniya-i-funktsiy-organov-i/
Непрерывное медицинское образование (НМО),Маркировка лекарственных препаратов,144 часов,от 15000 руб,"Лица, имеющие высшее образование по следующим специальностям: Основная специальность:Общая практика. Дополнительные специальности:Организация сестринского дела, Лечебное дело, Сестринское дело, Физиотерапия, Медицинский массаж, Лечебная физкультура, Диетология, Реабилитационное сестринское дело, Скорая и неотложная помощь.",https://xn--e1ako1a.xn--p1ai/uslugi/nmo/osobennosti-okazaniya-meditsinskoy-pomoshchi-litsam-pozhilogo-i-starcheskogo-vozrasta/
Непрерывное медицинское образование (НМО),Радиационная безопасность при проведении рентгенологических исследований,72 часов,от 6000 руб,"Лица, имеющие среднее медицинское образование по следующим специальностям: Основная специальность: Рентгенология. Дополнительные специальности:Лечебное дело, Организация сестринского дела, Операционное дело, Общая практика, Стоматология. Стоматология ортопедическая",https://xn--e1ako1a.xn--p1ai/uslugi/nmo/radiatsionnaya-bezopasnost-pri-provedenii-rentgenologicheskikh-issledovaniy/
Непрерывное медицинское образование (НМО),Избранные вопросы сестринского дела. Теория и практика обеспечения инфекционной безопасности в стоматологии,72 часов,от 6000 руб,"Лица, имеющие среднее медицинское образование по следующим специальностям: Основная специальность:Сестринское дело. Дополнительные специальности:Дезинфекционное дело, Стоматология, Стоматология ортопедическая, Стоматология профилактическая, Организация сестринского дела.",https://xn--e1ako1a.xn--p1ai/uslugi/nmo/izbrannye-voprosy-sestrinskogo-dela-teoriya-i-praktika-obespecheniya-infektsionnoy-bezopasnosti-v-st/
Непрерывное медицинское образование (НМО),Современные методы диагностики и лечения заболеваний пародонта,72 часов,от 6000 руб,"Лица, имеющие среднее медицинское образование по следующим специальностям: Основная специальность:Стоматология. Дополнительные специальности: Стоматология ортопедическая. Стоматология профилактическая.",https://xn--e1ako1a.xn--p1ai/uslugi/nmo/sovremennye-metody-diagnostiki-i-lecheniya-zabolevaniy-parodonta/
Непрерывное медицинское образование (НМО),Избранные вопросы сестринского дела в стоматологии,72 часов,от 6000 руб,"Лица, имеющие среднее медицинское образование по следующим специальностям: Основная специальность:Сестринское дело. Дополнительные специальности: Стоматология. Стоматология ортопедическая. Стоматология профилактическая.",https://xn--e1ako1a.xn--p1ai/uslugi/nmo/izbrannye-voprosy-sestrinskogo-dela-v-stomatologii/
Непрерывное медицинское образование (НМО),Современные аспекты ортодонтии,72 часов,от 6000 руб,"Лица, имеющие среднее медицинское образование по следующим специальностям: Основная специальность: Стоматология. Дополнительные специальности: Стоматология ортопедическая. Стоматология профилактическая.",https://xn--e1ako1a.xn--p1ai/uslugi/nmo/sovremennye-aspekty-ortodontii/
Непрерывное медицинское образование (НМО),Актуальные вопросы ортопедической стоматологии,36 часов,от 3000 руб.,"Лица, имеющие высшее образование по следующим специальностям: Основная специальность: Стоматология ортопедическая. Дополнительные специальности:Стоматология. Стоматология профилактическая.",https://xn--e1ako1a.xn--p1ai/uslugi/nmo/aktualnye-voprosy-ortopedicheskoy-stomatologii/
Непрерывное медицинское образование (НМО),Актуальные вопросы стоматологии детского возраста,36 часов,3000 руб.,"Лица, имеющие среднее медицинское образование по следующим специальностям: Основная специальность:Стоматология. Дополнительные специальности: Стоматология ортопедическая. Стоматология профилактическая.",https://xn--e1ako1a.xn--p1ai/uslugi/nmo/aktualnye-voprosy-stomatologii-detey/
Непрерывное медицинское образование (НМО),Первая помощь при травмах и неотложных состояниях,72 часов,от 15000 руб,"Лица, имеющие среднее медицинское образование по следующим специальностям: Основная специальность:Скорая и неотложная помощь. Дополнительные специальности:Организация сестринского дела. Лечебное дело. Акушерское дело. Стоматология. Сестринское дело. Сестринское дело в педиатрии. Операционное дело. Анестезиология и реаниматология. Общая практика",https://xn--e1ako1a.xn--p1ai/uslugi/nmo/pervaya-pomoshch-pri-travmakh-i-neotlozhnykh-sostoyaniyakh/
Непрерывное медицинское образование (НМО),Актуальные вопросы стоматологии терапевтической,36 часов,3000 руб.,"Лица,имеющие среднее медицинское образование по следующим специальностям: Основная специальность:Стоматология. Дополнительные специальности:Стоматология ортопедическая.Стоматология профилактическая.",https://xn--e1ako1a.xn--p1ai/uslugi/nmo/aktualnye-voprosy-terapevticheskoy-stomatologii/
Непрерывное медицинское образование (НМО),Современные методы лучевой диагностики,72 часов,от 6000 руб,"Лица, имеющие среднее медицинское образование по следующим специальностям: Основная специальность:Рентгенология. Дополнительные специальности:Лечебное дело. Операционное дело. Общая практика.Сестринское дело. Сестринское дело в педиатрии. Скорая и неотложная помощь.",https://xn--e1ako1a.xn--p1ai/uslugi/nmo/sovremennye-metody-luchevoy-diagnostiki/
Непрерывное медицинское образование (НМО),Актуальные вопросы стоматологии общей практики,36 часов,3000 руб.,"Лица, имеющие среднее образование по следующим специальностям: Основная специальность:Стоматология. Дополнительные специальности:Стоматология ортопедическая. Стоматология профилактическая.",https://xn--e1ako1a.xn--p1ai/uslugi/nmo/aktualnye-voprosy-stomatologii-nmo/
Непрерывное медицинское образование (НМО),Актуальные вопросы профилактической стоматологии,36 часов,3000 руб.,"Лица,имеющие среднее медицинское образование по следующим специальностям: Основная специальность:Стоматология профилактическая. Дополнительные специальности:Стоматология. Стоматология ортопедическая.",https://xn--e1ako1a.xn--p1ai/uslugi/nmo/aktualnye-voprosy-profilakticheskoy-stomatologii/
Непрерывное медицинское образование (НМО),Организационно-правовое регулирование деятельности при обращении с медицинскими отходами,72 часов,от 6000 руб,"Лица, имеющие среднее медицинское образование по следующим специальностям: Основная специальность:Сестринское дело. Дополнительные специальности:Бактериология. Гигиена и санитария. Гистология. Дезинфекционное дело. Лечебное дело. Лабораторное дело. Организация сестринского дела. Операционное дело. Общая практика. Стоматология. Сестринское дело в педиатрии. Фармация.",https://xn--e1ako1a.xn--p1ai/uslugi/nmo/organizatsionno-pravovoe-regulirovanie-deyatelnosti-pri-obrashchenii-s-meditsinskimi-otkhodami/
Непрерывное медицинское образование (НМО),Особенности применения лучевой диагностики в педиатрии,72 часов,от 6000 руб,"Лица, имеющие среднее медицинское образование по следующим специальностям: Основная специальность:Рентгенология. Дополнительные специальности: Лечебное дело. Операционное дело. Общая практика. Сестринское дело. Сестринское дело в педиатрии. Скорая и неотложная помощь",https://xn--e1ako1a.xn--p1ai/uslugi/nmo/osobennosti-primeneniya-luchevoy-diagnostiki-v-pediatrii/
Непрерывное медицинское образование (НМО),Избранные вопросы сестринского дела в психиатрии. Шизофрения,72 часов,от 6000 руб,"Лица, имеющие среднее медицинское образование по следующим специальностям: Основная специальность:Сестринское дело. Дополнительныеспециальности:Лечебное дело. Общая практика. Наркология. Медико-социальная помощь. Реабилитационное сестринское дело. Скорая и неотложная помощь.",https://xn--e1ako1a.xn--p1ai/uslugi/nmo/izbrannye-voprosy-sestrinskogo-dela-v-psikhiatrii-shizofreniya/
Непрерывное медицинское образование (НМО),Избранные вопросы лечебного дела. Современные методы обследования и лечения терапевтических больных,72 часов,от 6000 руб,"Лица, имеющие среднее медицинское образование по следующим специальностям: Основная специальность: Лечебное дело. Дополнительные специальности:Акушерское дело. Организация сестринского дела. Общая практика. Сестринское дело. Скорая и неотложная помощь.",https://xn--e1ako1a.xn--p1ai/uslugi/nmo/izbrannye-voprosy-lechebnogo-dela-sovremennye-metody-obsledovaniya-i-lecheniya-terapevticheskikh-bol/
Непрерывное медицинское образование (НМО),Аллергология в педиатрии,36 часов,от 3000 руб.,"Для лиц, имеющих высшее медицинское профессиональное образование.",https://xn--e1ako1a.xn--p1ai/uslugi/nmo/allergologiya-v-pediatrii/
Непрерывное медицинское образование (НМО),Анестезиология в акушерстве,36 часов,от 3000 руб.,"Для лиц, имеющих высшее медицинское профессиональное образование.",https://xn--e1ako1a.xn--p1ai/uslugi/nmo/anesteziologiya_v_akusherstve/
Непрерывное медицинское образование (НМО),Анестезиология-реаниматология. Актуальные вопросы,36 часов,от 3000 руб.,"Для лиц, имеющих высшее медицинское профессиональное образование.",https://xn--e1ako1a.xn--p1ai/uslugi/nmo/anesteziologiya_reanimatologiya_aktualnye_voprosy/
Непрерывное медицинское образование (НМО),Антивозрастная медицина. Избранные вопросы,36 часов,от 3000 руб.,"Для лиц, имеющих высшее медицинское профессиональное образование.",https://xn--e1ako1a.xn--p1ai/uslugi/nmo/antivozrastnaya_meditsina_izbrannye_voprosy/
Непрерывное медицинское образование (НМО),Бактериология. Инфекционная опасность,36 часов,от 3000 руб.,"Для лиц, имеющих высшее медицинское профессиональное образование.",https://xn--e1ako1a.xn--p1ai/uslugi/nmo/bakteriologiya_infektsionnaya_opasnost/
Непрерывное медицинское образование (НМО),Безметалловые конструкции зубных протезов,36 часов,от 3000 руб.,"Для лиц, имеющих высшее медицинское профессиональное образование.",https://xn--e1ako1a.xn--p1ai/uslugi/nmo/bezmetallovye_konstruktsii_zubnykh_protezov/
Непрерывное медицинское образование (НМО),Болевые синдромы. Основы лечения,36 часов,от 3000 руб.,"Для лиц, имеющих высшее медицинское профессиональное образование.",https://xn--e1ako1a.xn--p1ai/uslugi/nmo/bolevye_sindromy_osnovy_lecheniya/
Непрерывное медицинское образование (НМО),Болезни сердечно-сосудистой системы в пожилом возрасте,36 часов,от 3000 руб.,"Для лиц, имеющих высшее медицинское профессиональное образование.",https://xn--e1ako1a.xn--p1ai/uslugi/nmo/bolezni_serdechno_sosudistoy_sistemy_v_pozhilom_vozraste/
Непрерывное медицинское образование (НМО),Вакцинопрофилактика. Избранные вопросы,36 часов,от 3000 руб.,"Для лиц, имеющих высшее медицинское профессиональное образование.",https://xn--e1ako1a.xn--p1ai/uslugi/nmo/vaktsinoprofilaktika_izbrannye_voprosy/
Непрерывное медицинское образование (НМО),Ведение беременных с заболеваниями почек,36 часов,от 3000 руб.,"Для лиц, имеющих высшее медицинское профессиональное образование.",https://xn--e1ako1a.xn--p1ai/uslugi/nmo/vedenie_beremennykh_s_zabolevaniyami_pochek/
Непрерывное медицинское образование (НМО),Вирусология,36 часов,от 3000 руб.,"Для лиц, имеющих высшее медицинское профессиональное образование.",https://xn--e1ako1a.xn--p1ai/uslugi/nmo/virusologiya/
Непрерывное медицинское образование (НМО),ВИЧ-инфекции в современных условиях,36 часов,от 3000 руб.,"Для лиц, имеющих высшее медицинское профессиональное образование.",https://xn--e1ako1a.xn--p1ai/uslugi/nmo/vich_infektsii_v_sovremennykh_usloviyakh/
Непрерывное медицинское образование (НМО),Вопросы профессиональной патологии для офтальмологов,36 часов,от 3000 руб.,"Для лиц, имеющих высшее медицинское профессиональное образование.",https://xn--e1ako1a.xn--p1ai/uslugi/nmo/voprosy_professionalnoy_patologii_dlya_oftalmologov/
Непрерывное медицинское образование (НМО),Вопросы туберкулинодиагностики,36 часов,от 3000 руб.,"Для лиц, имеющих высшее медицинское профессиональное образование.",https://xn--e1ako1a.xn--p1ai/uslugi/nmo/voprosy_tuberkulinodiagnostiki/
Непрерывное медицинское образование (НМО),Воспалительные заболевания мочевыводящих путей и репродуктивных органов,36 часов,от 3000 руб.,"Для лиц, имеющих высшее медицинское профессиональное образование.",https://xn--e1ako1a.xn--p1ai/uslugi/nmo/vospalitelnye_zabolevaniya_mochevyvodyashchikh_putey_i_reproduktivnykh_organov/
Непрерывное медицинское образование (НМО),Воспалительные заболевания челюстно-лицевой области,36 часов,от 3000 руб.,"Для лиц, имеющих высшее медицинское профессиональное образование.",https://xn--e1ako1a.xn--p1ai/uslugi/nmo/vospalitelnye_zabolevaniya_chelyustno_litsevoy_oblasti/
Непрерывное медицинское образование (НМО),Воспалительные и бронхо-обструктивные заболевания легких,36 часов,от 3000 руб.,"Для лиц, имеющих высшее медицинское профессиональное образование.",https://xn--e1ako1a.xn--p1ai/uslugi/nmo/vospalitelnye_i_bronkho_obstruktivnye_zabolevaniya_legkikh/
Непрерывное медицинское образование (НМО),Врожденные аномалии репродуктивной и мочевыделительной системы,36 часов,от 3000 руб.,"Для лиц, имеющих высшее медицинское профессиональное образование.",https://xn--e1ako1a.xn--p1ai/uslugi/nmo/vrozhdennye_anomalii_reproduktivnoy_i_mochevydelitelnoy_sistemy/
Непрерывное медицинское образование (НМО),Врожденные пороки сердца. Диагностика и лечение,36 часов,от 3000 руб.,"Для лиц, имеющих высшее медицинское профессиональное образование.",https://xn--e1ako1a.xn--p1ai/uslugi/nmo/vrozhdennye_poroki_serdtsa_diagnostika_i_lechenie/
Непрерывное медицинское образование (НМО),Врожденный вывих бедра,36 часов,от 3000 руб.,"Для лиц, имеющих высшее медицинское профессиональное образование.",https://xn--e1ako1a.xn--p1ai/uslugi/nmo/vrozhdennyy_vyvikh_bedra/
Непрерывное медицинское образование (НМО),Вторичные нефропатии,36 часов,от 3000 руб.,"Для лиц, имеющих высшее медицинское профессиональное образование.",https://xn--e1ako1a.xn--p1ai/uslugi/nmo/vtorichnye_nefropatii/
Непрерывное медицинское образование (НМО),Гастроэнтерология. Избранные вопросы,36 часов,от 3000 руб.,"Для лиц, имеющих высшее медицинское профессиональное образование.",https://xn--e1ako1a.xn--p1ai/uslugi/nmo/gastroenterologiya_izbrannye_voprosy/
Непрерывное медицинское образование (НМО),Гемодиализ в лечении хронической почечной недостаточности,36 часов,от 3000 руб.,"Для лиц, имеющих высшее медицинское профессиональное образование.",https://xn--e1ako1a.xn--p1ai/uslugi/nmo/gemodializ_v_lechenii_khronicheskoy_pochechnoy_nedostatochnosti/
Непрерывное медицинское образование (НМО),Гигиена питания,36 часов,от 3000 руб.,"Для лиц, имеющих высшее медицинское профессиональное образование.",https://xn--e1ako1a.xn--p1ai/uslugi/nmo/gigiena_pitaniya/
Непрерывное медицинское образование (НМО),Гинекология детей и подростков. Избранные вопросы,36 часов,от 3000 руб.,"Для лиц, имеющих высшее медицинское профессиональное образование.",https://xn--e1ako1a.xn--p1ai/uslugi/nmo/ginekologiya_detey_i_podrostkov_izbrannye_voprosy/
Непрерывное медицинское образование (НМО),Гинекология эндокринная,36 часов,от 3000 руб.,"Для лиц, имеющих высшее медицинское профессиональное образование.",https://xn--e1ako1a.xn--p1ai/uslugi/nmo/ginekologiya_endokrinnaya/
Непрерывное медицинское образование (НМО),Глаукома. Избранные вопросы,36 часов,от 3000 руб.,"Для лиц, имеющих высшее медицинское профессиональное образование.",https://xn--e1ako1a.xn--p1ai/uslugi/nmo/glaukoma_izbrannye_voprosy/
Непрерывное медицинское образование (НМО),Дезинтоксикационная терапия. Современные методы,36 часов,от 3000 руб.,"Для лиц, имеющих высшее медицинское профессиональное образование.",https://xn--e1ako1a.xn--p1ai/uslugi/nmo/dezintoksikatsionnaya_terapiya_sovremennye_metody/
Непрерывное медицинское образование (НМО),"Дерматовенерология. Инфекции, передаваемые половым путем. Диагностика, профилактика, лечение",36 часов,от 3000 руб.,"Для лиц, имеющих высшее медицинское профессиональное образование.",https://xn--e1ako1a.xn--p1ai/uslugi/nmo/dermatovenerologiya_infektsii_peredavaemye_polovym_putem_diagnostika_profilaktika_lechenie/
Непрерывное медицинское образование (НМО),Дерматозы. Вопросы дифференциальной диагностики и лечения,36 часов,от 3000 руб.,"Для лиц, имеющих высшее медицинское профессиональное образование.",https://xn--e1ako1a.xn--p1ai/uslugi/nmo/dermatozy_voprosy_differentsialnoy_diagnostiki_i_lecheniya/
Непрерывное медицинское образование (НМО),Детская офтальмология,36 часов,от 3000 руб.,"Для лиц, имеющих высшее медицинское профессиональное образование.",https://xn--e1ako1a.xn--p1ai/uslugi/nmo/detskaya_oftalmologiya/
Непрерывное медицинское образование (НМО),Детская пульмонология,36 часов,от 3000 руб.,"Для лиц, имеющих высшее медицинское профессиональное образование.",https://xn--e1ako1a.xn--p1ai/uslugi/nmo/detskaya_pulmonologiya/
Непрерывное медицинское образование (НМО),Детская хирургия,36 часов,от 3000 руб.,"Для лиц, имеющих высшее медицинское профессиональное образование.",https://xn--e1ako1a.xn--p1ai/uslugi/nmo/detskaya_khirurgiya/
Непрерывное медицинское образование (НМО),Диагностика и интенсивная терапия ишемических инсультов,36 часов,от 3000 руб.,"Для лиц, имеющих высшее медицинское профессиональное образование.",https://xn--e1ako1a.xn--p1ai/uslugi/nmo/diagnostika_i_intensivnaya_terapiya_ishemicheskikh_insultov/
Непрерывное медицинское образование (НМО),Диагностика и лечение ишемической болезни головного и спинного мозга,36 часов,от 3000 руб.,"Для лиц, имеющих высшее медицинское профессиональное образование.",https://xn--e1ako1a.xn--p1ai/uslugi/nmo/diagnostika_i_lechenie_ishemicheskoy_bolezni_golovnogo_i_spinnogo_mozga/
Непрерывное медицинское образование (НМО),Диагностика и лечение онкоурологических больных,36 часов,от 3000 руб.,"Для лиц, имеющих высшее медицинское профессиональное образование.",https://xn--e1ako1a.xn--p1ai/uslugi/nmo/diagnostika_i_lechenie_onkourologicheskikh_bolnykh/
Непрерывное медицинское образование (НМО),Диагностика и лечение опухолевых заболеваний толстой кишки,36 часов,от 3000 руб.,"Для лиц, имеющих высшее медицинское профессиональное образование.",https://xn--e1ako1a.xn--p1ai/uslugi/nmo/diagnostika_i_lechenie_opukholevykh_zabolevaniy_tolstoy_kishki/
Непрерывное медицинское образование (НМО),Дисплазия соединительной ткани в практике врача-педиатра,36 часов,от 3000 руб.,"Для лиц, имеющих высшее медицинское профессиональное образование.",https://xn--e1ako1a.xn--p1ai/uslugi/nmo/displaziya_soedinitelnoy_tkani_v_praktike_vracha_pediatra/
Непрерывное медицинское образование (НМО),Диффузные заболевания соединительной ткани,36 часов,от 3000 руб.,"Для лиц, имеющих высшее медицинское профессиональное образование.",https://xn--e1ako1a.xn--p1ai/uslugi/nmo/diffuznye_zabolevaniya_soedinitelnoy_tkani/
Непрерывное медицинское образование (НМО),Доброкачественные и злокачественные новообразований кожи. Диагностика и лечение,36 часов,от 3000 руб.,"Для лиц, имеющих высшее медицинское профессиональное образование.",https://xn--e1ako1a.xn--p1ai/uslugi/nmo/dobrokachestvennye_i_zlokachestvennye_novoobrazovaniy_kozhi_diagnostika_i_lechenie/
Непрерывное медицинское образование (НМО),Доброкачественные и злокачественные опухоли. Диагностика и лечение,36 часов,от 3000 руб.,"Для лиц, имеющих высшее медицинское профессиональное образование.",https://xn--e1ako1a.xn--p1ai/uslugi/nmo/dobrokachestvennye_i_zlokachestvennye_opukholi_diagnostika_i_lechenie/
Непрерывное медицинское образование (НМО),Заболевания мочевыделительной системы и методы их диагностики,36 часов,от 3000 руб.,"Для лиц, имеющих высшее медицинское профессиональное образование.",https://xn--e1ako1a.xn--p1ai/uslugi/nmo/zabolevaniya_mochevydelitelnoy_sistemy_i_metody_ikh_diagnostiki/
Непрерывное медицинское образование (НМО),Заболевания органов дыхания у детей,36 часов,от 3000 руб.,"Для лиц, имеющих высшее медицинское профессиональное образование.",https://xn--e1ako1a.xn--p1ai/uslugi/nmo/zabolevaniya_organov_dykhaniya_u_detey/
Непрерывное медицинское образование (НМО),Заболевания сердечно-сосудистой системы. Диетотерапия,36 часов,от 3000 руб.,"Для лиц, имеющих высшее медицинское профессиональное образование.",https://xn--e1ako1a.xn--p1ai/uslugi/nmo/zabolevaniya_serdechno_sosudistoy_sistemy_dietoterapiya/
Непрерывное медицинское образование (НМО),Запор хронический,36 часов,от 3000 руб.,"Для лиц, имеющих высшее медицинское профессиональное образование.",https://xn--e1ako1a.xn--p1ai/uslugi/nmo/zapor_khronicheskiy/
Непрерывное медицинское образование (НМО),Здоровье населения. Актуальные вопросы современного этапа,36 часов,от 3000 руб.,"Для лиц, имеющих высшее медицинское профессиональное образование.",https://xn--e1ako1a.xn--p1ai/uslugi/nmo/zdorove_naseleniya_aktualnye_voprosy_sovremennogo_etapa/
Непрерывное медицинское образование (НМО),Иммунология в педиатрии,36 часов,от 3000 руб.,"Для лиц, имеющих высшее медицинское профессиональное образование.",https://xn--e1ako1a.xn--p1ai/uslugi/nmo/immunologiya_v_pediatrii/
Непрерывное медицинское образование (НМО),Инфекционные и паразитарные заболевания кожи. Диагностика и лечение,36 часов,от 3000 руб.,"Для лиц, имеющих высшее медицинское профессиональное образование.",https://xn--e1ako1a.xn--p1ai/uslugi/nmo/infektsionnye_i_parazitarnye_zabolevaniya_kozhi_diagnostika_i_lechenie/
Непрерывное медицинское образование (НМО),Инфекционные поражения нервной системы. Диагностика и лечение,36 часов,от 3000 руб.,"Для лиц, имеющих высшее медицинское профессиональное образование.",https://xn--e1ako1a.xn--p1ai/uslugi/nmo/infektsionnye_porazheniya_nervnoy_sistemy_diagnostika_i_lechenie/
Непрерывное медицинское образование (НМО),Кардиология. Актуальные вопросы,36 часов,от 3000 руб.,"Для лиц, имеющих высшее медицинское профессиональное образование.",https://xn--e1ako1a.xn--p1ai/uslugi/nmo/kardiologiya_aktualnye_voprosy/
Непрерывное медицинское образование (НМО),Клиническая токсикология,36 часов,от 3000 руб.,"Для лиц, имеющих высшее медицинское профессиональное образование.",https://xn--e1ako1a.xn--p1ai/uslugi/nmo/klinicheskaya_toksikologiya/
Непрерывное медицинское образование (НМО),Колопроктология. Заболевания прямой кишки,36 часов,от 3000 руб.,"Для лиц, имеющих высшее медицинское профессиональное образование.",https://xn--e1ako1a.xn--p1ai/uslugi/nmo/koloproktologiya_zabolevaniya_pryamoy_kishki/
Непрерывное медицинское образование (НМО),Контроль качества лекарственных средств. Методы анализа,36 часов,от 3000 руб.,"Для лиц, имеющих высшее медицинское профессиональное образование.",https://xn--e1ako1a.xn--p1ai/uslugi/nmo/kontrol_kachestva_lekarstvennykh_sredstv_metody_analiza/
Непрерывное медицинское образование (НМО),Контурная пластика,36 часов,от 3000 руб.,"Для лиц, имеющих высшее медицинское профессиональное образование.",https://xn--e1ako1a.xn--p1ai/uslugi/nmo/konturnaya_plastika/
Непрерывное медицинское образование (НМО),Коронковая часть зуба. Методы восстановления,36 часов,от 3000 руб.,"Для лиц, имеющих высшее медицинское профессиональное образование.",https://xn--e1ako1a.xn--p1ai/uslugi/nmo/koronkovaya_chast_zuba_metody_vosstanovleniya/
Непрерывное медицинское образование (НМО),Косметология. Новообразования кожи в практике врача-косметолога,36 часов,от 3000 руб.,"Для лиц, имеющих высшее медицинское профессиональное образование.",https://xn--e1ako1a.xn--p1ai/uslugi/nmo/kosmetologiya_novoobrazovaniya_kozhi_v_praktike_vracha_kosmetologa/
Непрерывное медицинское образование (НМО),Косоглазие. Диагностика и лечение,36 часов,от 3000 руб.,"Для лиц, имеющих высшее медицинское профессиональное образование.",https://xn--e1ako1a.xn--p1ai/uslugi/nmo/kosoglazie_diagnostika_i_lechenie/
Непрерывное медицинское образование (НМО),Лечебная эндоскопия,36 часов,от 3000 руб.,"Для лиц, имеющих высшее медицинское профессиональное образование.",https://xn--e1ako1a.xn--p1ai/uslugi/nmo/lechebnaya_endoskopiya/
Непрерывное медицинское образование (НМО),Лечение заболеваний пародонта хирургическое,36 часов,от 3000 руб.,"Для лиц, имеющих высшее медицинское профессиональное образование.",https://xn--e1ako1a.xn--p1ai/uslugi/nmo/lechenie_zabolevaniy_parodonta_khirurgicheskoe/
Непрерывное медицинское образование (НМО),Лечение зависимости от психоактивных веществ. Избранные вопросы,36 часов,от 3000 руб.,"Для лиц, имеющих высшее медицинское профессиональное образование.",https://xn--e1ako1a.xn--p1ai/uslugi/nmo/lechenie_zavisimosti_ot_psikhoaktivnykh_veshchestv_izbrannye_voprosy/
Непрерывное медицинское образование (НМО),Лечение зубов эндодонтическое,36 часов,от 3000 руб.,"Для лиц, имеющих высшее медицинское профессиональное образование.",https://xn--e1ako1a.xn--p1ai/uslugi/nmo/lechenie_zubov_endodonticheskoe/
Непрерывное медицинское образование (НМО),Лучевая диагностика заболеваний легких,36 часов,от 3000 руб.,"Для лиц, имеющих высшее медицинское профессиональное образование.",https://xn--e1ako1a.xn--p1ai/uslugi/nmo/luchevaya_diagnostika_zabolevaniy_legkikh/
Непрерывное медицинское образование (НМО),Маммология. Избранные вопросы,36 часов,от 3000 руб.,"Для лиц, имеющих высшее медицинское профессиональное образование.",https://xn--e1ako1a.xn--p1ai/uslugi/nmo/mammologiya_izbrannye_voprosy/
Непрерывное медицинское образование (НМО),Мастопатия и рак молочной железы. Избранные вопросы,36 часов,от 3000 руб.,"Для лиц, имеющих высшее медицинское профессиональное образование.",https://xn--e1ako1a.xn--p1ai/uslugi/nmo/mastopatiya_i_rak_molochnoy_zhelezy_izbrannye_voprosy/
Непрерывное медицинское образование (НМО),Медицинская помощь пациентам с термической травмой,36 часов,от 3000 руб.,"Для лиц, имеющих высшее медицинское профессиональное образование.",https://xn--e1ako1a.xn--p1ai/uslugi/nmo/meditsinskaya_pomoshch_patsientam_s_termicheskoy_travmoy/
Непрерывное медицинское образование (НМО),Мезотерапия,36 часов,от 3000 руб.,"Для лиц, имеющих высшее медицинское профессиональное образование.",https://xn--e1ako1a.xn--p1ai/uslugi/nmo/mezoterapiya/
Непрерывное медицинское образование (НМО),МРТ и КТ диагностирования заболеваний брюшной полости,36 часов,от 3000 руб.,"Для лиц, имеющих высшее медицинское профессиональное образование.",https://xn--e1ako1a.xn--p1ai/uslugi/nmo/mrt_i_kt_diagnostirovaniya_zabolevaniy_bryushnoy_polosti/
Непрерывное медицинское образование (НМО),Неврология гериатрическая,36 часов,от 3000 руб.,"Для лиц, имеющих высшее медицинское профессиональное образование.",https://xn--e1ako1a.xn--p1ai/uslugi/nmo/nevrologiya_geriatricheskaya/
Непрерывное медицинское образование (НМО),Неврология. Избранные вопросы,36 часов,от 3000 руб.,"Для лиц, имеющих высшее медицинское профессиональное образование.",https://xn--e1ako1a.xn--p1ai/uslugi/nmo/nevrologiya_izbrannye_voprosy/
Непрерывное медицинское образование (НМО),Нейроинфекции в педиатрии,36 часов,от 3000 руб.,"Для лиц, имеющих высшее медицинское профессиональное образование.",https://xn--e1ako1a.xn--p1ai/uslugi/nmo/neyroinfektsii_v_pediatrii/
Непрерывное медицинское образование (НМО),Неонатология. Внутриутробные инфекции у детей первого года жизни,36 часов,от 3000 руб.,"Для лиц, имеющих высшее медицинское профессиональное образование.",https://xn--e1ako1a.xn--p1ai/uslugi/nmo/neonatologiya_vnutriutrobnye_infektsii_u_detey_pervogo_goda_zhizni/
Непрерывное медицинское образование (НМО),Неонатология. Теоретические и практические аспекты,36 часов,от 3000 руб.,"Для лиц, имеющих высшее медицинское профессиональное образование.",https://xn--e1ako1a.xn--p1ai/uslugi/nmo/neonatologiya_teoreticheskie_i_prakticheskie_aspekty/
Непрерывное медицинское образование (НМО),Неотложная педиатрия,36 часов,от 3000 руб.,"Для лиц, имеющих высшее медицинское профессиональное образование.",https://xn--e1ako1a.xn--p1ai/uslugi/nmo/neotlozhnaya_pediatriya/
Непрерывное медицинское образование (НМО),Нефрология. Актуальные вопросы,36 часов,от 3000 руб.,"Для лиц, имеющих высшее медицинское профессиональное образование.",https://xn--e1ako1a.xn--p1ai/uslugi/nmo/nefrologiya_aktualnye_voprosy/
Непрерывное медицинское образование (НМО),Онкология. Рак горла. Принципы лучевой терапии,36 часов,от 3000 руб.,"Для лиц, имеющих высшее медицинское профессиональное образование.",https://xn--e1ako1a.xn--p1ai/uslugi/nmo/onkologiya_rak_gorla_printsipy_luchevoy_terapii/
Непрерывное медицинское образование (НМО),Онкология. Рак молочной железы. Лучевая терапия,36 часов,от 3000 руб.,"Для лиц, имеющих высшее медицинское профессиональное образование.",https://xn--e1ako1a.xn--p1ai/uslugi/nmo/onkologiya_rak_molochnoy_zhelezy_luchevaya_terapiya/
Непрерывное медицинское образование (НМО),Онкология. Современные методики лучевой терапии опухолей органов головы,36 часов,от 3000 руб.,"Для лиц, имеющих высшее медицинское профессиональное образование.",https://xn--e1ako1a.xn--p1ai/uslugi/nmo/onkologiya_sovremennye_metodiki_luchevoy_terapii_opukholey_organov_golovy/
Непрерывное медицинское образование (НМО),Организация здравоохранения и общественное здоровье,36 часов,от 3000 руб.,"Для лиц, имеющих высшее медицинское профессиональное образование.",https://xn--e1ako1a.xn--p1ai/uslugi/nmo/organizatsiya_zdravookhraneniya_i_obshchestvennoe_zdorove/
Непрерывное медицинское образование (НМО),Организация и нормативно-правовое регулирование психиатрической помощи в РФ,36 часов,от 3000 руб.,"Для лиц, имеющих высшее медицинское профессиональное образование.",https://xn--e1ako1a.xn--p1ai/uslugi/nmo/organizatsiya_i_normativno_pravovoe_regulirovanie_psikhiatricheskoy_pomoshchi_v_rf/
Непрерывное медицинское образование (НМО),Организация клинико-экспертной работы в медицинской организации,36 часов,от 3000 руб.,"Для лиц, имеющих высшее медицинское профессиональное образование.",https://xn--e1ako1a.xn--p1ai/uslugi/nmo/organizatsiya_kliniko_ekspertnoy_raboty_v_meditsinskoy_organizatsii/
Непрерывное медицинское образование (НМО),"Организация оборота наркот. средств, психотропных веществ и их прекурсоров в МО",36 часов,от 3000 руб.,"Для лиц, имеющих высшее медицинское профессиональное образование.",https://xn--e1ako1a.xn--p1ai/uslugi/nmo/organizatsiya_oborota_narkot_sredstv_psikhotropnykh_veshchestv_i_ikh_prekursorov_v_mo/
Непрерывное медицинское образование (НМО),"Организация хранения, учета и отпуска лекарственных препаратов в медицинских организациях, имеющих лицензию на фармацевтическую деятельность",36 часов,от 3000 руб.,"Для лиц, имеющих высшее медицинское профессиональное образование.",https://xn--e1ako1a.xn--p1ai/uslugi/nmo/organizatsiya_khraneniya_ucheta_i_otpuska_lekarstvennykh_preparatov_v_meditsinskikh_organizatsiyakh_/
Непрерывное медицинское образование (НМО),Органы дыхания. Диагностика и лечение,36 часов,от 3000 руб.,"Для лиц, имеющих высшее медицинское профессиональное образование.",https://xn--e1ako1a.xn--p1ai/uslugi/nmo/organy_dykhaniya_diagnostika_i_lechenie/
Непрерывное медицинское образование (НМО),Острые хирургические заболевания в детском возрасте,36 часов,от 3000 руб.,"Для лиц, имеющих высшее медицинское профессиональное образование.",https://xn--e1ako1a.xn--p1ai/uslugi/nmo/ostrye_khirurgicheskie_zabolevaniya_v_detskom_vozraste/
Непрерывное медицинское образование (НМО),Оториноларингология. Актуальные вопросы,36 часов,от 3000 руб.,"Для лиц, имеющих высшее медицинское профессиональное образование.",https://xn--e1ako1a.xn--p1ai/uslugi/nmo/otorinolaringologiya_aktualnye_voprosy/
Непрерывное медицинское образование (НМО),Паллиативная медицина в педиатрии,36 часов,от 3000 руб.,"Для лиц, имеющих высшее медицинское профессиональное образование.",https://xn--e1ako1a.xn--p1ai/uslugi/nmo/palliativnaya_meditsina_v_pediatrii/
Непрерывное медицинское образование (НМО),Паллиативная помощь в детской онкологии. Для врачей,36 часов,от 3000 руб.,"Для лиц, имеющих высшее медицинское профессиональное образование.",https://xn--e1ako1a.xn--p1ai/uslugi/nmo/palliativnaya_pomoshch_v_detskoy_onkologii_dlya_vrachey/
Непрерывное медицинское образование (НМО),Папилломавирус человека. Диагностика и лечение,36 часов,от 3000 руб.,"Для лиц, имеющих высшее медицинское профессиональное образование.",https://xn--e1ako1a.xn--p1ai/uslugi/nmo/papillomavirus_cheloveka_diagnostika_i_lechenie/
Непрерывное медицинское образование (НМО),Педиатрия. Актуальные вопросы,36 часов,от 3000 руб.,"Для лиц, имеющих высшее медицинское профессиональное образование.",https://xn--e1ako1a.xn--p1ai/uslugi/nmo/pediatriya_aktualnye_voprosy/
Непрерывное медицинское образование (НМО),Педиатрия. Болезни кишечника,36 часов,от 3000 руб.,"Для лиц, имеющих высшее медицинское профессиональное образование.",https://xn--e1ako1a.xn--p1ai/uslugi/nmo/pediatriya_bolezni_kishechnika/
Непрерывное медицинское образование (НМО),Повреждения коленного сустава,36 часов,от 3000 руб.,"Для лиц, имеющих высшее медицинское профессиональное образование.",https://xn--e1ako1a.xn--p1ai/uslugi/nmo/povrezhdeniya_kolennogo_sustava/
Непрерывное медицинское образование (НМО),"Порядок оказания медицинской помощи пострадавшим с сочетанными, множественными и изолированными травмами, сопровождающимися шоком",36 часов,от 3000 руб.,"Для лиц, имеющих высшее медицинское профессиональное образование.",https://xn--e1ako1a.xn--p1ai/uslugi/nmo/poryadok_okazaniya_meditsinskoy_pomoshchi_postradavshim_s_sochetannymi_mnozhestvennymi_i_izolirovann/
Непрерывное медицинское образование (НМО),Практические навыки в общей врачебной практике,36 часов,от 3000 руб.,"Для лиц, имеющих высшее медицинское профессиональное образование.",https://xn--e1ako1a.xn--p1ai/uslugi/nmo/prakticheskie_navyki_v_obshchey_vrachebnoy_praktike/
Непрерывное медицинское образование (НМО),Предраковые заболевания слизистой оболочки рта,36 часов,от 3000 руб.,"Для лиц, имеющих высшее медицинское профессиональное образование.",https://xn--e1ako1a.xn--p1ai/uslugi/nmo/predrakovye_zabolevaniya_slizistoy_obolochki_rta/
Непрерывное медицинское образование (НМО),Предрейсовые и послерейсовые осмотры водителей,36 часов,от 3000 руб.,"Для лиц, имеющих высшее медицинское профессиональное образование.",https://xn--e1ako1a.xn--p1ai/uslugi/nmo/predreysovye_i_poslereysovye_osmotry_voditeley/
Непрерывное медицинское образование (НМО),Профилактика инсульта в практике гериатра,36 часов,от 3000 руб.,"Для лиц, имеющих высшее медицинское профессиональное образование.",https://xn--e1ako1a.xn--p1ai/uslugi/nmo/profilaktika_insulta_v_praktike_geriatra/
Непрерывное медицинское образование (НМО),Профпатология для офтальмологов,36 часов,от 3000 руб.,"Для лиц, имеющих высшее медицинское профессиональное образование.",https://xn--e1ako1a.xn--p1ai/uslugi/nmo/profpatologiya_dlya_oftalmologov/
Непрерывное медицинское образование (НМО),Профпатология. Заболевания химической этиологии,36 часов,от 3000 руб.,"Для лиц, имеющих высшее медицинское профессиональное образование.",https://xn--e1ako1a.xn--p1ai/uslugi/nmo/profpatologiya_zabolevaniya_khimicheskoy_etiologii/
Непрерывное медицинское образование (НМО),Профпатология. Организация и порядок проведения предварительных и периодических медицинских осмотров работников,36 часов,от 3000 руб.,"Для лиц, имеющих высшее медицинское профессиональное образование.",https://xn--e1ako1a.xn--p1ai/uslugi/nmo/profpatologiya_organizatsiya_i_poryadok_provedeniya_predvaritelnykh_i_periodicheskikh_meditsinskikh_/
Непрерывное медицинское образование (НМО),Психиатрия. Актуальные вопросы,36 часов,от 3000 руб.,"Для лиц, имеющих высшее медицинское профессиональное образование.",https://xn--e1ako1a.xn--p1ai/uslugi/nmo/psikhiatriya_aktualnye_voprosy/
Непрерывное медицинское образование (НМО),Психотерапия созависимости в наркологии,36 часов,от 3000 руб.,"Для лиц, имеющих высшее медицинское профессиональное образование.",https://xn--e1ako1a.xn--p1ai/uslugi/nmo/psikhoterapiya_sozavisimosti_v_narkologii/
Непрерывное медицинское образование (НМО),Пульмонология в диагностике и лечении пневмонии у детей,36 часов,от 3000 руб.,"Для лиц, имеющих высшее медицинское профессиональное образование.",https://xn--e1ako1a.xn--p1ai/uslugi/nmo/pulmonologiya_v_diagnostike_i_lechenii_pnevmonii_u_detey/
Непрерывное медицинское образование (НМО),Пульпит. Современные методы лечения,36 часов,от 3000 руб.,"Для лиц, имеющих высшее медицинское профессиональное образование.",https://xn--e1ako1a.xn--p1ai/uslugi/nmo/pulpit_sovremennye_metody_lecheniya/
Непрерывное медицинское образование (НМО),Ревматология. Актуальные вопросы,36 часов,от 3000 руб.,"Для лиц, имеющих высшее медицинское профессиональное образование.",https://xn--e1ako1a.xn--p1ai/uslugi/nmo/revmatologiya_aktualnye_voprosy/
Непрерывное медицинское образование (НМО),Рефлексотерапия. Актуальные вопросы,36 часов,от 3000 руб.,"Для лиц, имеющих высшее медицинское профессиональное образование.",https://xn--e1ako1a.xn--p1ai/uslugi/nmo/refleksoterapiya_aktualnye_voprosy/
Непрерывное медицинское образование (НМО),Роговая оболочка. Диагностика и лечение,36 часов,от 3000 руб.,"Для лиц, имеющих высшее медицинское профессиональное образование.",https://xn--e1ako1a.xn--p1ai/uslugi/nmo/rogovaya_obolochka_diagnostika_i_lechenie/
Непрерывное медицинское образование (НМО),Саркома мягких тканей. Принципы лучевой терапии,36 часов,от 3000 руб.,"Для лиц, имеющих высшее медицинское профессиональное образование.",https://xn--e1ako1a.xn--p1ai/uslugi/nmo/sarkoma_myagkikh_tkaney_printsipy_luchevoy_terapii/
Непрерывное медицинское образование (НМО),Сахарный диабет и его осложнения. Актуальные вопросы,36 часов,от 3000 руб.,"Для лиц, имеющих высшее медицинское профессиональное образование.",https://xn--e1ako1a.xn--p1ai/uslugi/nmo/sakharnyy_diabet_i_ego_oslozhneniya_aktualnye_voprosy/
Непрерывное медицинское образование (НМО),Светолечение. Избранные вопросы,36 часов,от 3000 руб.,"Для лиц, имеющих высшее медицинское профессиональное образование.",https://xn--e1ako1a.xn--p1ai/uslugi/nmo/svetolechenie_izbrannye_voprosy/
Непрерывное медицинское образование (НМО),Сердечно-сосудистая система у детей. Диагностика и лечение,36 часов,от 3000 руб.,"Для лиц, имеющих высшее медицинское профессиональное образование.",https://xn--e1ako1a.xn--p1ai/uslugi/nmo/serdechno_sosudistaya_sistema_u_detey_diagnostika_i_lechenie/
Непрерывное медицинское образование (НМО),Системная красная волчанка. Диагностика и лечение,36 часов,от 3000 руб.,"Для лиц, имеющих высшее медицинское профессиональное образование.",https://xn--e1ako1a.xn--p1ai/uslugi/nmo/sistemnaya_krasnaya_volchanka_diagnostika_i_lechenie/
Непрерывное медицинское образование (НМО),Скорая медицинская помощь. Актуальные вопросы,36 часов,от 3000 руб.,"Для лиц, имеющих высшее медицинское профессиональное образование.",https://xn--e1ako1a.xn--p1ai/uslugi/nmo/skoraya_meditsinskaya_pomoshch_aktualnye_voprosy/
Непрерывное медицинское образование (НМО),Сосудистые заболевания нервной системы. Избранные вопросы,36 часов,от 3000 руб.,"Для лиц, имеющих высшее медицинское профессиональное образование.",https://xn--e1ako1a.xn--p1ai/uslugi/nmo/sosudistye_zabolevaniya_nervnoy_sistemy_izbrannye_voprosy/
Непрерывное медицинское образование (НМО),Социальная гигиена и организация здравоохранения. Избранные вопросы,36 часов,от 3000 руб.,"Для лиц, имеющих высшее медицинское профессиональное образование.",https://xn--e1ako1a.xn--p1ai/uslugi/nmo/sotsialnaya_gigiena_i_organizatsiya_zdravookhraneniya_izbrannye_voprosy/
Непрерывное медицинское образование (НМО),Стоматология ортопедическая. Современные аспекты,36 часов,от 3000 руб.,"Для лиц, имеющих высшее медицинское профессиональное образование.",https://xn--e1ako1a.xn--p1ai/uslugi/nmo/stomatologiya_ortopedicheskaya_sovremennye_aspekty/
Непрерывное медицинское образование (НМО),Стоматология терапевтическая. Актуальные вопросы,36 часов,от 3000 руб.,"Для лиц, имеющих высшее медицинское профессиональное образование.",https://xn--e1ako1a.xn--p1ai/uslugi/nmo/stomatologiya_terapevticheskaya_aktualnye_voprosy/
Непрерывное медицинское образование (НМО),Стоматология хирургическая детская,36 часов,от 3000 руб.,"Для лиц, имеющих высшее медицинское профессиональное образование.",https://xn--e1ako1a.xn--p1ai/uslugi/nmo/stomatologiya_khirurgicheskaya_detskaya/
Непрерывное медицинское образование (НМО),Стоматология хирургическая,36 часов,от 3000 руб.,"Для лиц, имеющих высшее медицинское профессиональное образование.",https://xn--e1ako1a.xn--p1ai/uslugi/nmo/stomatologiya_khirurgicheskaya/
Непрерывное медицинское образование (НМО),Стоматология эстетическая. Основы,36 часов,от 3000 руб.,"Для лиц, имеющих высшее медицинское профессиональное образование.",https://xn--e1ako1a.xn--p1ai/uslugi/nmo/stomatologiya_esteticheskaya_osnovy/
Непрерывное медицинское образование (НМО),Стоматология. Неотложная помощь в амбулаторной стоматологической практике,36 часов,от 3000 руб.,"Для лиц, имеющих высшее медицинское профессиональное образование.",https://xn--e1ako1a.xn--p1ai/uslugi/nmo/stomatologiya_neotlozhnaya_pomoshch_v_ambulatornoy_stomatologicheskoy_praktike/
Непрерывное медицинское образование (НМО),Стоматология. Современные аспекты в работе врача-ортодонта,36 часов,от 3000 руб.,"Для лиц, имеющих высшее медицинское профессиональное образование.",https://xn--e1ako1a.xn--p1ai/uslugi/nmo/stomatologiya_sovremennye_aspekty_v_rabote_vracha_ortodonta/
Непрерывное медицинское образование (НМО),Стоматология. Современные методы диагностики и лечения заболеваний пародонта,36 часов,от 3000 руб.,"Для лиц, имеющих высшее медицинское профессиональное образование.",https://xn--e1ako1a.xn--p1ai/uslugi/nmo/stomatologiya_sovremennye_metody_diagnostiki_i_lecheniya_zabolevaniy_parodonta/
Непрерывное медицинское образование (НМО),Судебно-медицинская травматология,36 часов,от 3000 руб.,"Для лиц, имеющих высшее медицинское профессиональное образование.",https://xn--e1ako1a.xn--p1ai/uslugi/nmo/sudebno_meditsinskaya_travmatologiya/
Непрерывное медицинское образование (НМО),Судебно-медицинская экспертиза,36 часов,от 3000 руб.,"Для лиц, имеющих высшее медицинское профессиональное образование.",https://xn--e1ako1a.xn--p1ai/uslugi/nmo/sudebno_meditsinskaya_ekspertiza/
Непрерывное медицинское образование (НМО),Судебно-психиатрическая экспертиза в гражданском процессе,36 часов,от 3000 руб.,"Для лиц, имеющих высшее медицинское профессиональное образование.",https://xn--e1ako1a.xn--p1ai/uslugi/nmo/sudebno_psikhiatricheskaya_ekspertiza_v_grazhdanskom_protsesse/
Непрерывное медицинское образование (НМО),Теория и практика управления сестринской деятельностью,36 часов,от 3000 руб.,"Для лиц, имеющих высшее медицинское профессиональное образование.",https://xn--e1ako1a.xn--p1ai/uslugi/nmo/teoriya_i_praktika_upravleniya_sestrinskoy_deyatelnostyu/
Непрерывное медицинское образование (НМО),Тиреоидология,36 часов,от 3000 руб.,"Для лиц, имеющих высшее медицинское профессиональное образование.",https://xn--e1ako1a.xn--p1ai/uslugi/nmo/tireoidologiya/
Непрерывное медицинское образование (НМО),Токсикология лекарственная,36 часов,от 3000 руб.,"Для лиц, имеющих высшее медицинское профессиональное образование.",https://xn--e1ako1a.xn--p1ai/uslugi/nmo/toksikologiya_lekarstvennaya/
Непрерывное медицинское образование (НМО),Травматология. Гнойные осложнения,36 часов,от 3000 руб.,"Для лиц, имеющих высшее медицинское профессиональное образование.",https://xn--e1ako1a.xn--p1ai/uslugi/nmo/travmatologiya_gnoynye_oslozhneniya/
Непрерывное медицинское образование (НМО),Травмы позвоночника у взрослых и детей,36 часов,от 3000 руб.,"Для лиц, имеющих высшее медицинское профессиональное образование.",https://xn--e1ako1a.xn--p1ai/uslugi/nmo/travmy_pozvonochnika_u_vzroslykh_i_detey/
Непрерывное медицинское образование (НМО),Туберкулез. Выявление и профилактика в первичном звене здравоохранения,36 часов,от 3000 руб.,"Для лиц, имеющих высшее медицинское профессиональное образование.",https://xn--e1ako1a.xn--p1ai/uslugi/nmo/tuberkulez_vyyavlenie_i_profilaktika_v_pervichnom_zvene_zdravookhraneniya/
Непрерывное медицинское образование (НМО),Туберкулез. Современные подходы к лечению,36 часов,от 3000 руб.,"Для лиц, имеющих высшее медицинское профессиональное образование.",https://xn--e1ako1a.xn--p1ai/uslugi/nmo/tuberkulez_sovremennye_podkhody_k_lecheniyu/
Непрерывное медицинское образование (НМО),Ультразвуковая диагностика в кардиологии,36 часов,от 3000 руб.,"Для лиц, имеющих высшее медицинское профессиональное образование.",https://xn--e1ako1a.xn--p1ai/uslugi/nmo/ultrazvukovaya_diagnostika_v_kardiologii/
Непрерывное медицинское образование (НМО),Ультразвуковая диагностика пренатальная,36 часов,от 3000 руб.,"Для лиц, имеющих высшее медицинское профессиональное образование.",https://xn--e1ako1a.xn--p1ai/uslugi/nmo/ultrazvukovaya_diagnostika_prenatalnaya/
Непрерывное медицинское образование (НМО),Ультразвуковая диагностика. Заболевания органов брюшной полости,36 часов,от 3000 руб.,"Для лиц, имеющих высшее медицинское профессиональное образование.",https://xn--e1ako1a.xn--p1ai/uslugi/nmo/ultrazvukovaya_diagnostika_zabolevaniya_organov_bryushnoy_polosti/
Непрерывное медицинское образование (НМО),Ультразвуковая диагностика. Заболевания почек,36 часов,от 3000 руб.,"Для лиц, имеющих высшее медицинское профессиональное образование.",https://xn--e1ako1a.xn--p1ai/uslugi/nmo/ultrazvukovaya_diagnostika_zabolevaniya_pochek/
Непрерывное медицинское образование (НМО),Ультразвуковая диагностика. Заболевания толстой кишки,36 часов,от 3000 руб.,"Для лиц, имеющих высшее медицинское профессиональное образование.",https://xn--e1ako1a.xn--p1ai/uslugi/nmo/ultrazvukovaya_diagnostika_zabolevaniya_tolstoy_kishki/
Непрерывное медицинское образование (НМО),Ультразвуковая диагностика. Неотложные заболевания органов брюшной полости,36 часов,от 3000 руб.,"Для лиц, имеющих высшее медицинское профессиональное образование.",https://xn--e1ako1a.xn--p1ai/uslugi/nmo/ultrazvukovaya_diagnostika_neotlozhnye_zabolevaniya_organov_bryushnoy_polosti/
Непрерывное медицинское образование (НМО),Урогинекология. Актуальные вопросы,36 часов,от 3000 руб.,"Для лиц, имеющих высшее медицинское профессиональное образование.",https://xn--e1ako1a.xn--p1ai/uslugi/nmo/uroginekologiya_aktualnye_voprosy/
Непрерывное медицинское образование (НМО),Урология детская. Избранные вопросы,36 часов,от 3000 руб.,"Для лиц, имеющих высшее медицинское профессиональное образование.",https://xn--e1ako1a.xn--p1ai/uslugi/nmo/urologiya_detskaya_izbrannye_voprosy/
Непрерывное медицинское образование (НМО),Урология-андрология детского возраста. Неотложные заболевания,36 часов,от 3000 руб.,"Для лиц, имеющих высшее медицинское профессиональное образование.",https://xn--e1ako1a.xn--p1ai/uslugi/nmo/urologiya_andrologiya_detskogo_vozrasta_neotlozhnye_zabolevaniya/
Непрерывное медицинское образование (НМО),Фармацевтическая деятельность. Основы регулирования,36 часов,от 3000 руб.,"Для лиц, имеющих высшее медицинское профессиональное образование.",https://xn--e1ako1a.xn--p1ai/uslugi/nmo/farmatsevticheskaya_deyatelnost_osnovy_regulirovaniya/
Непрерывное медицинское образование (НМО),Физиотерапия в косметологии,36 часов,от 3000 руб.,"Для лиц, имеющих высшее медицинское профессиональное образование.",https://xn--e1ako1a.xn--p1ai/uslugi/nmo/fizioterapiya_v_kosmetologii/
Непрерывное медицинское образование (НМО),Физиотерапия. Актуальные вопросы,36 часов,от 3000 руб.,"Для лиц, имеющих высшее медицинское профессиональное образование.",https://xn--e1ako1a.xn--p1ai/uslugi/nmo/fizioterapiya_aktualnye_voprosy/
Непрерывное медицинское образование (НМО),Физиотерапия. Заболевания сердечно-сосудистой системы,36 часов,от 3000 руб.,"Для лиц, имеющих высшее медицинское профессиональное образование.",https://xn--e1ako1a.xn--p1ai/uslugi/nmo/fizioterapiya_zabolevaniya_serdechno_sosudistoy_sistemy/
Непрерывное медицинское образование (НМО),Функциональная диагностика при неотложных состояниях,36 часов,от 3000 руб.,"Для лиц, имеющих высшее медицинское профессиональное образование.",https://xn--e1ako1a.xn--p1ai/uslugi/nmo/funktsionalnaya_diagnostika_pri_neotlozhnykh_sostoyaniyakh/
Непрерывное медицинское образование (НМО),Функциональная диагностика. Актуальные вопросы,36 часов,от 3000 руб.,"Для лиц, имеющих высшее медицинское профессиональное образование.",https://xn--e1ako1a.xn--p1ai/uslugi/nmo/funktsionalnaya_diagnostika_aktualnye_voprosy/
Непрерывное медицинское образование (НМО),Функциональные методы исследования в кардиологии,36 часов,от 3000 руб.,"Для лиц, имеющих высшее медицинское профессиональное образование.",https://xn--e1ako1a.xn--p1ai/uslugi/nmo/funktsionalnye_metody_issledovaniya_v_kardiologii/
Непрерывное медицинское образование (НМО),Функциональные методы исследования в неврологии,36 часов,от 3000 руб.,"Для лиц, имеющих высшее медицинское профессиональное образование.",https://xn--e1ako1a.xn--p1ai/uslugi/nmo/funktsionalnye_metody_issledovaniya_v_nevrologii/
Непрерывное медицинское образование (НМО),Хирургия. Нормативно-правовые аспекты клинической работы врача хирурга,36 часов,от 3000 руб.,"Для лиц, имеющих высшее медицинское профессиональное образование.",https://xn--e1ako1a.xn--p1ai/uslugi/nmo/khirurgiya_normativno_pravovye_aspekty_klinicheskoy_raboty_vracha_khirurga/
Непрерывное медицинское образование (НМО),Хронические болезни почек. Диагностика и лечение,36 часов,от 3000 руб.,"Для лиц, имеющих высшее медицинское профессиональное образование.",https://xn--e1ako1a.xn--p1ai/uslugi/nmo/khronicheskie_bolezni_pochek_diagnostika_i_lechenie/
Непрерывное медицинское образование (НМО),Черепно-мозговая травма. Диагностика и лечение,36 часов,от 3000 руб.,"Для лиц, имеющих высшее медицинское профессиональное образование.",https://xn--e1ako1a.xn--p1ai/uslugi/nmo/cherepno_mozgovaya_travma_diagnostika_i_lechenie/
Непрерывное медицинское образование (НМО),Черепно-мозговая травма. Неотложная нейрохирургическая помощь,36 часов,от 3000 руб.,"Для лиц, имеющих высшее медицинское профессиональное образование.",https://xn--e1ako1a.xn--p1ai/uslugi/nmo/cherepno_mozgovaya_travma_neotlozhnaya_neyrokhirurgicheskaya_pomoshch/
Непрерывное медицинское образование (НМО),Черепно-мозговые травмы у детей,36 часов,от 3000 руб.,"Для лиц, имеющих высшее медицинское профессиональное образование.",https://xn--e1ako1a.xn--p1ai/uslugi/nmo/cherepno_mozgovye_travmy_u_detey/
Непрерывное медицинское образование (НМО),Экспертиза временной нетрудоспособности,36 часов,от 5000 руб.,"Для лиц, имеющих высшее медицинское профессиональное образование.",https://xn--e1ako1a.xn--p1ai/uslugi/nmo/ekspertiza_vremennoy_netrudosposobnosti/
Непрерывное медицинское образование (НМО),Эндокринология. Аспекты диабетологии,36 часов,от 3000 руб.,"Для лиц, имеющих высшее медицинское профессиональное образование.",https://xn--e1ako1a.xn--p1ai/uslugi/nmo/endokrinologiya_aspekty_diabetologii/
Непрерывное медицинское образование (НМО),Эндоскопия. Актуальные вопросы,36 часов,от 3000 руб.,"Для лиц, имеющих высшее медицинское профессиональное образование.",https://xn--e1ako1a.xn--p1ai/uslugi/nmo/endoskopiya_aktualnye_voprosy/
Непрерывное медицинское образование (НМО),Акушерство и гинекология. Артериальная гипертония у беременных,36 часов,от 3000 руб.,"Для лиц, имеющих высшее медицинское профессиональное образование.",https://xn--e1ako1a.xn--p1ai/uslugi/nmo/akusherstvo_i_ginekologiya_arterialnaya_gipertoniya_u_beremennykh/
Непрерывное медицинское образование (НМО),Акушерство и гинекология. Комплексное лечение вагинозов и вагинитов,36 часов,от 3000 руб.,"Для лиц, имеющих высшее медицинское профессиональное образование.",https://xn--e1ako1a.xn--p1ai/uslugi/nmo/akusherstvo_i_ginekologiya_kompleksnoe_lechenie_vaginozov_i_vaginitov/
Непрерывное медицинское образование (НМО),Акушерство и гинекология. Папилломавирусная инфекция в гинекологии,36 часов,от 3000 руб.,"Для лиц, имеющих высшее медицинское профессиональное образование.",https://xn--e1ako1a.xn--p1ai/uslugi/nmo/akusherstvo_i_ginekologiya_papillomavirusnaya_infektsiya_v_ginekologii/
Непрерывное медицинское образование (НМО),Акушерство и гинекология. Урогенитальная хламидийная инфекция,36 часов,от 3000 руб.,"Для лиц, имеющих высшее медицинское профессиональное образование.",https://xn--e1ako1a.xn--p1ai/uslugi/nmo/akusherstvo_i_ginekologiya_urogenitalnaya_khlamidiynaya_infektsiya/
Непрерывное медицинское образование (НМО),Анестезиология-реаниматология. Анестезия у детей. Премедикация и предоперационная подготовка,36 часов,от 3000 руб.,"Для лиц, имеющих высшее медицинское профессиональное образование.",https://xn--e1ako1a.xn--p1ai/uslugi/nmo/anesteziologiya_reanimatologiya_anesteziya_u_detey_premedikatsiya_i_predoperatsionnaya_podgotovka/
Непрерывное медицинское образование (НМО),Анестезиология-реаниматология. Периоперационная кровопотеря и принципы инфузионно-трансфузионной терапии,36 часов,от 3000 руб.,"Для лиц, имеющих высшее медицинское профессиональное образование.",https://xn--e1ako1a.xn--p1ai/uslugi/nmo/anesteziologiya_reanimatologiya_perioperatsionnaya_krovopoterya_i_printsipy_infuzionno_transfuzionno/
Непрерывное медицинское образование (НМО),Анестезиология-реаниматология. Питательная недостаточность и основы парентерального питания,36 часов,от 3000 руб.,"Для лиц, имеющих высшее медицинское профессиональное образование.",https://xn--e1ako1a.xn--p1ai/uslugi/nmo/anesteziologiya_reanimatologiya_pitatelnaya_nedostatochnost_i_osnovy_parenteralnogo_pitaniya/
Непрерывное медицинское образование (НМО),Бактериология. Клинические синдромы при острых интоксикациях и нейроинтоксикациях,36 часов,от 3000 руб.,"Для лиц, имеющих высшее медицинское профессиональное образование.",https://xn--e1ako1a.xn--p1ai/uslugi/nmo/bakteriologiya_klinicheskie_sindromy_pri_ostrykh_intoksikatsiyakh_i_neyrointoksikatsiyakh/
Непрерывное медицинское образование (НМО),Гастроэнтерология. Актуальные вопросы диагностики и лечения заболеваний печени,36 часов,от 3000 руб.,"Для лиц, имеющих высшее медицинское профессиональное образование.",https://xn--e1ako1a.xn--p1ai/uslugi/nmo/gastroenterologiya_aktualnye_voprosy_diagnostiki_i_lecheniya_zabolevaniy_pecheni/
Непрерывное медицинское образование (НМО),Гастроэнтерология. Актуальные вопросы диагностики и лечения заболевания органов пищеварения,36 часов,от 3000 руб.,"Для лиц, имеющих высшее медицинское профессиональное образование.",https://xn--e1ako1a.xn--p1ai/uslugi/nmo/gastroenterologiya_aktualnye_voprosy_diagnostiki_i_lecheniya_zabolevaniya_organov_pishchevareniya/
Непрерывное медицинское образование (НМО),Гастроэнтерология. Актуальные вопросы диагностики и терапии болезней поджелудочной железы,36 часов,от 3000 руб.,"Для лиц, имеющих высшее медицинское профессиональное образование.",https://xn--e1ako1a.xn--p1ai/uslugi/nmo/gastroenterologiya_aktualnye_voprosy_diagnostiki_i_terapii_bolezney_podzheludochnoy_zhelezy/
Непрерывное медицинское образование (НМО),Гастроэнтерология. Актуальные вопросы диагностики и терапии заболеваний кишечника,36 часов,от 3000 руб.,"Для лиц, имеющих высшее медицинское профессиональное образование.",https://xn--e1ako1a.xn--p1ai/uslugi/nmo/gastroenterologiya_aktualnye_voprosy_diagnostiki_i_terapii_zabolevaniy_kishechnika/
Непрерывное медицинское образование (НМО),Гастроэнтерология. Общие вопросы диагностики и терапии болезней желчного пузыря и желчевыводящих путей,36 часов,от 3000 руб.,"Для лиц, имеющих высшее медицинское профессиональное образование.",https://xn--e1ako1a.xn--p1ai/uslugi/nmo/gastroenterologiya_obshchie_voprosy_diagnostiki_i_terapii_bolezney_zhelchnogo_puzyrya_i_zhelchevyvod/
Непрерывное медицинское образование (НМО),Дерматовенерология. Атопический дерматит и его дифференциальная диагностика,36 часов,от 3000 руб.,"Для лиц, имеющих высшее медицинское профессиональное образование.",https://xn--e1ako1a.xn--p1ai/uslugi/nmo/dermatovenerologiya_atopicheskiy_dermatit_i_ego_differentsialnaya_diagnostika/
Непрерывное медицинское образование (НМО),Дерматовенерология. Буллезные дерматозы,36 часов,от 3000 руб.,"Для лиц, имеющих высшее медицинское профессиональное образование.",https://xn--e1ako1a.xn--p1ai/uslugi/nmo/dermatovenerologiya_bulleznye_dermatozy/
Непрерывное медицинское образование (НМО),Дерматовенерология. Глубокие микозы,36 часов,от 3000 руб.,"Для лиц, имеющих высшее медицинское профессиональное образование.",https://xn--e1ako1a.xn--p1ai/uslugi/nmo/dermatovenerologiya_glubokie_mikozy/
Непрерывное медицинское образование (НМО),Дерматовенерология. Дифференциальная диагностика и основные принципы терапии розацеа,36 часов,от 3000 руб.,"Для лиц, имеющих высшее медицинское профессиональное образование.",https://xn--e1ako1a.xn--p1ai/uslugi/nmo/dermatovenerologiya_differentsialnaya_diagnostika_i_osnovnye_printsipy_terapii_rozatsea/
Непрерывное медицинское образование (НМО),Дерматовенерология. Поверхностные микозы кожи,36 часов,от 3000 руб.,"Для лиц, имеющих высшее медицинское профессиональное образование.",https://xn--e1ako1a.xn--p1ai/uslugi/nmo/dermatovenerologiya_poverkhnostnye_mikozy_kozhi/
Непрерывное медицинское образование (НМО),Дерматовенерология. Инфекционные и паразитарные болезни кожи,36 часов,от 3000 руб.,"Для лиц, имеющих высшее медицинское профессиональное образование.",https://xn--e1ako1a.xn--p1ai/uslugi/nmo/dermatovenerologiya_infektsionnye_i_parazitarnye_bolezni_kozhi/
Непрерывное медицинское образование (НМО),Дерматовенерология. Неинфекционные дерматозы,36 часов,от 3000 руб.,"Для лиц, имеющих высшее медицинское профессиональное образование.",https://xn--e1ako1a.xn--p1ai/uslugi/nmo/dermatovenerologiya_neinfektsionnye_dermatozy/
Непрерывное медицинское образование (НМО),Дерматовенерология. Общие вопросы дерматовенерологии,36 часов,от 3000 руб.,"Для лиц, имеющих высшее медицинское профессиональное образование.",https://xn--e1ako1a.xn--p1ai/uslugi/nmo/dermatovenerologiya_obshchie_voprosy_dermatovenerologii/
Непрерывное медицинское образование (НМО),Дерматовенерология. Патологии кожи у детей,36 часов,от 3000 руб.,"Для лиц, имеющих высшее медицинское профессиональное образование.",https://xn--e1ako1a.xn--p1ai/uslugi/nmo/dermatovenerologiya_patologii_kozhi_u_detey/
Непрерывное медицинское образование (НМО),Диетология. Особенности питания лиц пожилого возраста при различных заболеваниях,36 часов,от 3000 руб.,"Для лиц, имеющих высшее медицинское профессиональное образование.",https://xn--e1ako1a.xn--p1ai/uslugi/nmo/dietologiya_osobennosti_pitaniya_lits_pozhilogo_vozrasta_pri_razlichnykh_zabolevaniyakh/
Непрерывное медицинское образование (НМО),Диетология. Питание детей в возрасте от 1 года до 3 лет,36 часов,от 3000 руб.,"Для лиц, имеющих высшее медицинское профессиональное образование.",https://xn--e1ako1a.xn--p1ai/uslugi/nmo/dietologiya_pitanie_detey_v_vozraste_ot_1_goda_do_3_let/
Непрерывное медицинское образование (НМО),Диетология. Рационы лечебно-профилактического питания,36 часов,от 3000 руб.,"Для лиц, имеющих высшее медицинское профессиональное образование.",https://xn--e1ako1a.xn--p1ai/uslugi/nmo/dietologiya_ratsiony_lechebno_profilakticheskogo_pitaniya/
Непрерывное медицинское образование (НМО),Инфекционные болезни. Актуальные вопросы ВИЧ-инфекции,36 часов,от 3000 руб.,"Для лиц, имеющих высшее медицинское профессиональное образование.",https://xn--e1ako1a.xn--p1ai/uslugi/nmo/infektsionnye_bolezni_aktualnye_voprosy_vich_infektsii/
Непрерывное медицинское образование (НМО),Инфекционные болезни. ВИЧ-инфекции у детей и подростков,36 часов,от 3000 руб.,"Для лиц, имеющих высшее медицинское профессиональное образование.",https://xn--e1ako1a.xn--p1ai/uslugi/nmo/infektsionnye_bolezni_vich_infektsii_u_detey_i_podrostkov/
Непрерывное медицинское образование (НМО),Инфекционные болезни. Воздушно - капельные инфекции,36 часов,от 3000 руб.,"Для лиц, имеющих высшее медицинское профессиональное образование.",https://xn--e1ako1a.xn--p1ai/uslugi/nmo/infektsionnye_bolezni_vozdushno_kapelnye_infektsii/
Непрерывное медицинское образование (НМО),Инфекционные болезни. Гепатит С у больных ВИЧ-инфекцией,36 часов,от 3000 руб.,"Для лиц, имеющих высшее медицинское профессиональное образование.",https://xn--e1ako1a.xn--p1ai/uslugi/nmo/infektsionnye_bolezni_gepatit_s_u_bolnykh_vich_infektsiey/
Непрерывное медицинское образование (НМО),Инфекционные болезни. Зоонозные инфекции,36 часов,от 3000 руб.,"Для лиц, имеющих высшее медицинское профессиональное образование.",https://xn--e1ako1a.xn--p1ai/uslugi/nmo/infektsionnye_bolezni_zoonoznye_infektsii/
Непрерывное медицинское образование (НМО),"Инфекционные болезни. Кишечные инфекции и инвазии, гепатиты",36 часов,от 3000 руб.,"Для лиц, имеющих высшее медицинское профессиональное образование.",https://xn--e1ako1a.xn--p1ai/uslugi/nmo/infektsionnye_bolezni_kishechnye_infektsii_i_invazii_gepatity/
Непрерывное медицинское образование (НМО),"Инфекционные болезни. Кишечные протозоозы: амебиаз, лямблиоз",36 часов,от 3000 руб.,"Для лиц, имеющих высшее медицинское профессиональное образование.",https://xn--e1ako1a.xn--p1ai/uslugi/nmo/infektsionnye_bolezni_kishechnye_protozoozy_amebiaz_lyamblioz/
Непрерывное медицинское образование (НМО),"Инфекционные болезни. Контагиозные гельминтозы: энтеробиоз, гименолепидоз",36 часов,от 3000 руб.,"Для лиц, имеющих высшее медицинское профессиональное образование.",https://xn--e1ako1a.xn--p1ai/uslugi/nmo/infektsionnye_bolezni_kontagioznye_gelmintozy_enterobioz_gimenolepidoz/
Непрерывное медицинское образование (НМО),Инфекционные болезни. Общие вопросы инфекционных болезней,36 часов,от 3000 руб.,"Для лиц, имеющих высшее медицинское профессиональное образование.",https://xn--e1ako1a.xn--p1ai/uslugi/nmo/infektsionnye_bolezni_obshchie_voprosy_infektsionnykh_bolezney/
Непрерывное медицинское образование (НМО),Инфекционные болезни. Особенности антиретровирусной терапии при ВИЧ-инфекции и туберкулёзе,36 часов,от 3000 руб.,"Для лиц, имеющих высшее медицинское профессиональное образование.",https://xn--e1ako1a.xn--p1ai/uslugi/nmo/infektsionnye_bolezni_osobennosti_antiretrovirusnoy_terapii_pri_vich_infektsii_i_tuberkulyeze/
Непрерывное медицинское образование (НМО),"Инфекционные болезни. Ротавирус: эпидемиология, клинические проявления и лечение",36 часов,от 3000 руб.,"Для лиц, имеющих высшее медицинское профессиональное образование.",https://xn--e1ako1a.xn--p1ai/uslugi/nmo/infektsionnye_bolezni_rotavirus_epidemiologiya_klinicheskie_proyavleniya_i_lechenie/
Непрерывное медицинское образование (НМО),Инфекционные болезни. Стрептококковые инфекции,36 часов,от 3000 руб.,"Для лиц, имеющих высшее медицинское профессиональное образование.",https://xn--e1ako1a.xn--p1ai/uslugi/nmo/infektsionnye_bolezni_streptokokkovye_infektsii/
Непрерывное медицинское образование (НМО),Кардиология. Особенности ведения пациентов с ишемической болезнью сердца и мультифокальным атеросклерозом,36 часов,от 3000 руб.,"Для лиц, имеющих высшее медицинское профессиональное образование.",https://xn--e1ako1a.xn--p1ai/uslugi/nmo/kardiologiya_osobennosti_vedeniya_patsientov_s_ishemicheskoy_boleznyu_serdtsa_i_multifokalnym_ateros/
Непрерывное медицинское образование (НМО),Кардиология. Особенности первичной профилактики сердечно-сосудистой патологии у женщин,36 часов,от 3000 руб.,"Для лиц, имеющих высшее медицинское профессиональное образование.",https://xn--e1ako1a.xn--p1ai/uslugi/nmo/kardiologiya_osobennosti_pervichnoy_profilaktiki_serdechno_sosudistoy_patologii_u_zhenshchin/
Непрерывное медицинское образование (НМО),Кардиология. Реабилитация больных после острого инфаркта миокарда,36 часов,от 3000 руб.,"Для лиц, имеющих высшее медицинское профессиональное образование.",https://xn--e1ako1a.xn--p1ai/uslugi/nmo/kardiologiya_reabilitatsiya_bolnykh_posle_ostrogo_infarkta_miokarda/
Непрерывное медицинское образование (НМО),Кардиология. Тактика ведения пациентов с желудочковыми нарушениями ритма,36 часов,от 3000 руб.,"Для лиц, имеющих высшее медицинское профессиональное образование.",https://xn--e1ako1a.xn--p1ai/uslugi/nmo/kardiologiya_taktika_vedeniya_patsientov_s_zheludochkovymi_narusheniyami_ritma/
Непрерывное медицинское образование (НМО),Кардиология. Трудности и ошибки в тактике ведения больных хронической сердечной недостаточностью,36 часов,от 3000 руб.,"Для лиц, имеющих высшее медицинское профессиональное образование.",https://xn--e1ako1a.xn--p1ai/uslugi/nmo/kardiologiya_trudnosti_i_oshibki_v_taktike_vedeniya_bolnykh_khronicheskoy_serdechnoy_nedostatochnost/
Непрерывное медицинское образование (НМО),Неврология. Дифференциальный диагноз головокружений в практике врача-невролога,36 часов,от 3000 руб.,"Для лиц, имеющих высшее медицинское профессиональное образование.",https://xn--e1ako1a.xn--p1ai/uslugi/nmo/nevrologiya_differentsialnyy_diagnoz_golovokruzheniy_v_praktike_vracha_nevrologa/
Непрерывное медицинское образование (НМО),Неврология. Нарушение когнитивных функций,36 часов,от 3000 руб.,"Для лиц, имеющих высшее медицинское профессиональное образование.",https://xn--e1ako1a.xn--p1ai/uslugi/nmo/nevrologiya_narushenie_kognitivnykh_funktsiy/
Непрерывное медицинское образование (НМО),Неврология. Поражения периферических нервов при системных заболеваниях соединительной ткани и васкулитах,36 часов,от 3000 руб.,"Для лиц, имеющих высшее медицинское профессиональное образование.",https://xn--e1ako1a.xn--p1ai/uslugi/nmo/nevrologiya_porazheniya_perifericheskikh_nervov_pri_sistemnykh_zabolevaniyakh_soedinitelnoy_tkani_i_/
Непрерывное медицинское образование (НМО),Неврология. Хроническая недостаточность мозгового кровообращения,36 часов,от 3000 руб.,"Для лиц, имеющих высшее медицинское профессиональное образование.",https://xn--e1ako1a.xn--p1ai/uslugi/nmo/nevrologiya_khronicheskaya_nedostatochnost_mozgovogo_krovoobrashcheniya/
Непрерывное медицинское образование (НМО),Нефрология. Заболевания почек и мочевыводящих путей,36 часов,от 3000 руб.,"Для лиц, имеющих высшее медицинское профессиональное образование.",https://xn--e1ako1a.xn--p1ai/uslugi/nmo/nefrologiya_zabolevaniya_pochek_i_mochevyvodyashchikh_putey/
Непрерывное медицинское образование (НМО),Нефрология. Основные синдромы при заболеваниях почек,36 часов,от 3000 руб.,"Для лиц, имеющих высшее медицинское профессиональное образование.",https://xn--e1ako1a.xn--p1ai/uslugi/nmo/nefrologiya_osnovnye_sindromy_pri_zabolevaniyakh_pochek/
Непрерывное медицинское образование (НМО),Нефрология. Фармакологические аспекты нефрологии,36 часов,от 3000 руб.,"Для лиц, имеющих высшее медицинское профессиональное образование.",https://xn--e1ako1a.xn--p1ai/uslugi/nmo/nefrologiya_farmakologicheskie_aspekty_nefrologii/
Непрерывное медицинское образование (НМО),Онкология. Лучевая терапия при раке молочной железы,36 часов,от 3000 руб.,"Для лиц, имеющих высшее медицинское профессиональное образование.",https://xn--e1ako1a.xn--p1ai/uslugi/nmo/onkologiya_luchevaya_terapiya_pri_rake_molochnoy_zhelezy/
Непрерывное медицинское образование (НМО),Онкология. Меланома кожи у детей: диагностика и лечение,36 часов,от 3000 руб.,"Для лиц, имеющих высшее медицинское профессиональное образование.",https://xn--e1ako1a.xn--p1ai/uslugi/nmo/onkologiya_melanoma_kozhi_u_detey_diagnostika_i_lechenie/
Непрерывное медицинское образование (НМО),Онкология. Онконастороженность и ранняя диагностика онкологических заболеваний,36 часов,от 3000 руб.,"Для лиц, имеющих высшее медицинское профессиональное образование.",https://xn--e1ako1a.xn--p1ai/uslugi/nmo/onkologiya_onkonastorozhennost_i_rannyaya_diagnostika_onkologicheskikh_zabolevaniy/
Непрерывное медицинское образование (НМО),Онкология. Опухоли слюнных желез у детей,36 часов,от 3000 руб.,"Для лиц, имеющих высшее медицинское профессиональное образование.",https://xn--e1ako1a.xn--p1ai/uslugi/nmo/onkologiya_opukholi_slyunnykh_zhelez_u_detey/
Непрерывное медицинское образование (НМО),Оториноларингология. Гематома и абсцесс носовой перегородки,36 часов,от 3000 руб.,"Для лиц, имеющих высшее медицинское профессиональное образование.",https://xn--e1ako1a.xn--p1ai/uslugi/nmo/otorinolaringologiya_gematoma_i_abstsess_nosovoy_peregorodki/
Непрерывное медицинское образование (НМО),Оториноларингология. Новообразования ротоглотки и гортани,36 часов,от 3000 руб.,"Для лиц, имеющих высшее медицинское профессиональное образование.",https://xn--e1ako1a.xn--p1ai/uslugi/nmo/otorinolaringologiya_novoobrazovaniya_rotoglotki_i_gortani/
Непрерывное медицинское образование (НМО),Оториноларингология. Хронический гнойный средний отит: диагностика и лечение,36 часов,от 3000 руб.,"Для лиц, имеющих высшее медицинское профессиональное образование.",https://xn--e1ako1a.xn--p1ai/uslugi/nmo/otorinolaringologiya_khronicheskiy_gnoynyy_sredniy_otit_diagnostika_i_lechenie/
Непрерывное медицинское образование (НМО),Офтальмология. Актуальные вопросы офтальмологических заболеваний,36 часов,от 3000 руб.,"Для лиц, имеющих высшее медицинское профессиональное образование.",https://xn--e1ako1a.xn--p1ai/uslugi/nmo/oftalmologiya_aktualnye_voprosy_oftalmologicheskikh_zabolevaniy/
Непрерывное медицинское образование (НМО),Офтальмология. Актуальные вопросы офтальмоонкологии,36 часов,от 3000 руб.,"Для лиц, имеющих высшее медицинское профессиональное образование.",https://xn--e1ako1a.xn--p1ai/uslugi/nmo/oftalmologiya_aktualnye_voprosy_oftalmoonkologii/
Непрерывное медицинское образование (НМО),Офтальмология. Общие вопросы офтальмологии,36 часов,от 3000 руб.,"Для лиц, имеющих высшее медицинское профессиональное образование.",https://xn--e1ako1a.xn--p1ai/uslugi/nmo/oftalmologiya_obshchie_voprosy_oftalmologii/
Непрерывное медицинское образование (НМО),Педиатрия. Болезни новорожденных,36 часов,от 3000 руб.,"Для лиц, имеющих высшее медицинское профессиональное образование.",https://xn--e1ako1a.xn--p1ai/uslugi/nmo/pediatriya_bolezni_novorozhdennykh/
Непрерывное медицинское образование (НМО),Педиатрия. Болезни органов пищеварения у детей,36 часов,от 3000 руб.,"Для лиц, имеющих высшее медицинское профессиональное образование.",https://xn--e1ako1a.xn--p1ai/uslugi/nmo/pediatriya_bolezni_organov_pishchevareniya_u_detey/
Непрерывное медицинское образование (НМО),Педиатрия. Дифференциальная диагностика бронхообструктивного синдрома у детей раннего возраста,36 часов,от 3000 руб.,"Для лиц, имеющих высшее медицинское профессиональное образование.",https://xn--e1ako1a.xn--p1ai/uslugi/nmo/pediatriya_differentsialnaya_diagnostika_bronkhoobstruktivnogo_sindroma_u_detey_rannego_vozrasta/
Непрерывное медицинское образование (НМО),Педиатрия. Заболевания органов дыхания у детей,36 часов,от 3000 руб.,"Для лиц, имеющих высшее медицинское профессиональное образование.",https://xn--e1ako1a.xn--p1ai/uslugi/nmo/pediatriya_zabolevaniya_organov_dykhaniya_u_detey/
Непрерывное медицинское образование (НМО),Педиатрия. Заболевания сердечно-сосудистой системы у детей,36 часов,от 3000 руб.,"Для лиц, имеющих высшее медицинское профессиональное образование.",https://xn--e1ako1a.xn--p1ai/uslugi/nmo/pediatriya_zabolevaniya_serdechno_sosudistoy_sistemy_u_detey/
Непрерывное медицинское образование (НМО),Педиатрия. Общие вопросы педиатрии,36 часов,от 3000 руб.,"Для лиц, имеющих высшее медицинское профессиональное образование.",https://xn--e1ako1a.xn--p1ai/uslugi/nmo/pediatriya_obshchie_voprosy_pediatrii/
Непрерывное медицинское образование (НМО),Педиатрия. Роль противовирусной терапии ОРВИ у часто болеющих детей,36 часов,от 3000 руб.,"Для лиц, имеющих высшее медицинское профессиональное образование.",https://xn--e1ako1a.xn--p1ai/uslugi/nmo/pediatriya_rol_protivovirusnoy_terapii_orvi_u_chasto_boleyushchikh_detey/
Непрерывное медицинское образование (НМО),Профпатология. Аллергические заболевания органов зрения,36 часов,от 3000 руб.,"Для лиц, имеющих высшее медицинское профессиональное образование.",https://xn--e1ako1a.xn--p1ai/uslugi/nmo/profpatologiya_allergicheskie_zabolevaniya_organov_zreniya/
Непрерывное медицинское образование (НМО),"Профпатология. Заболевания, вызываемые воздействием акустических колебаний",36 часов,от 3000 руб.,"Для лиц, имеющих высшее медицинское профессиональное образование.",https://xn--e1ako1a.xn--p1ai/uslugi/nmo/profpatologiya_zabolevaniya_vyzyvaemye_vozdeystviem_akusticheskikh_kolebaniy/
Непрерывное медицинское образование (НМО),"Профпатология. Заболевания, вызываемые воздействием ионизирующих излучений",36 часов,от 3000 руб.,"Для лиц, имеющих высшее медицинское профессиональное образование.",https://xn--e1ako1a.xn--p1ai/uslugi/nmo/profpatologiya_zabolevaniya_vyzyvaemye_vozdeystviem_ioniziruyushchikh_izlucheniy/
Непрерывное медицинское образование (НМО),Профпатология. Общие вопросы профпатологии,36 часов,от 3000 руб.,"Для лиц, имеющих высшее медицинское профессиональное образование.",https://xn--e1ako1a.xn--p1ai/uslugi/nmo/profpatologiya_obshchie_voprosy_profpatologii/
Непрерывное медицинское образование (НМО),Профпатология. Профессиональные заболевания органов дыхания,36 часов,от 3000 руб.,"Для лиц, имеющих высшее медицинское профессиональное образование.",https://xn--e1ako1a.xn--p1ai/uslugi/nmo/profpatologiya_professionalnye_zabolevaniya_organov_dykhaniya/
Непрерывное медицинское образование (НМО),Профпатология. Профессиональные заболевания от перенапряжения отдельных органов и систем,36 часов,от 3000 руб.,"Для лиц, имеющих высшее медицинское профессиональное образование.",https://xn--e1ako1a.xn--p1ai/uslugi/nmo/profpatologiya_professionalnye_zabolevaniya_ot_perenapryazheniya_otdelnykh_organov_i_sistem/
Непрерывное медицинское образование (НМО),Профпатология. Хронический пылевой бронхит и бронхиолит,36 часов,от 3000 руб.,"Для лиц, имеющих высшее медицинское профессиональное образование.",https://xn--e1ako1a.xn--p1ai/uslugi/nmo/profpatologiya_khronicheskiy_pylevoy_bronkhit_i_bronkhiolit/
Непрерывное медицинское образование (НМО),Терапия. Актуальные вопросы терапевтической практики,36 часов,от 3000 руб.,"Для лиц, имеющих высшее медицинское профессиональное образование.",https://xn--e1ako1a.xn--p1ai/uslugi/nmo/terapiya_aktualnye_voprosy_terapevticheskoy_praktiki/
Непрерывное медицинское образование (НМО),Терапия. Артериальная гипертензия: актуальные вопросы диагностики и лечения,36 часов,от 3000 руб.,"Для лиц, имеющих высшее медицинское профессиональное образование.",https://xn--e1ako1a.xn--p1ai/uslugi/nmo/terapiya_arterialnaya_gipertenziya_aktualnye_voprosy_diagnostiki_i_lecheniya/
Непрерывное медицинское образование (НМО),Терапия. Заболевания органов дыхания в практике врача-терапевта,36 часов,от 3000 руб.,"Для лиц, имеющих высшее медицинское профессиональное образование.",https://xn--e1ako1a.xn--p1ai/uslugi/nmo/terapiya_zabolevaniya_organov_dykhaniya_v_praktike_vracha_terapevta/
Непрерывное медицинское образование (НМО),Терапия. Заболевания органов пищеварения в практике врача-терапевта,36 часов,от 3000 руб.,"Для лиц, имеющих высшее медицинское профессиональное образование.",https://xn--e1ako1a.xn--p1ai/uslugi/nmo/terapiya_zabolevaniya_organov_pishchevareniya_v_praktike_vracha_terapevta/
Непрерывное медицинское образование (НМО),Терапия. Заболевания почек в практике врача-терапевта,36 часов,от 3000 руб.,"Для лиц, имеющих высшее медицинское профессиональное образование.",https://xn--e1ako1a.xn--p1ai/uslugi/nmo/terapiya_zabolevaniya_pochek_v_praktike_vracha_terapevta/
Непрерывное медицинское образование (НМО),Терапия. Заболевания сердечно-сосудистой системы в практике врача-терапевта,36 часов,от 3000 руб.,"Для лиц, имеющих высшее медицинское профессиональное образование.",https://xn--e1ako1a.xn--p1ai/uslugi/nmo/terapiya_zabolevaniya_serdechno_sosudistoy_sistemy_v_praktike_vracha_terapevta/
Непрерывное медицинское образование (НМО),Травматология и ортопедия. Восстановительное лечение в травматологии и ортопедии,36 часов,от 3000 руб.,"Для лиц, имеющих высшее медицинское профессиональное образование.",https://xn--e1ako1a.xn--p1ai/uslugi/nmo/travmatologiya_i_ortopediya_vosstanovitelnoe_lechenie_v_travmatologii_i_ortopedii/
Непрерывное медицинское образование (НМО),Травматология и ортопедия. Общие вопросы травмы верхних конечностей,36 часов,от 3000 руб.,"Для лиц, имеющих высшее медицинское профессиональное образование.",https://xn--e1ako1a.xn--p1ai/uslugi/nmo/travmatologiya_i_ortopediya_obshchie_voprosy_travmy_verkhnikh_konechnostey/
Непрерывное медицинское образование (НМО),Травматология и ортопедия. Общие вопросы травмы нижних конечностей,36 часов,от 3000 руб.,"Для лиц, имеющих высшее медицинское профессиональное образование.",https://xn--e1ako1a.xn--p1ai/uslugi/nmo/travmatologiya_i_ortopediya_obshchie_voprosy_travmy_nizhnikh_konechnostey/
Непрерывное медицинское образование (НМО),Травматология и ортопедия. Общие принципы лечения переломов,36 часов,от 3000 руб.,"Для лиц, имеющих высшее медицинское профессиональное образование.",https://xn--e1ako1a.xn--p1ai/uslugi/nmo/travmatologiya_i_ortopediya_obshchie_printsipy_lecheniya_perelomov/
Непрерывное медицинское образование (НМО),"Травматология и ортопедия. Переломы костей таза, повреждения тазовых органов",36 часов,от 3000 руб.,"Для лиц, имеющих высшее медицинское профессиональное образование.",https://xn--e1ako1a.xn--p1ai/uslugi/nmo/travmatologiya_i_ortopediya_perelomy_kostey_taza_povrezhdeniya_tazovykh_organov/
Непрерывное медицинское образование (НМО),Трансфузиология. Общие вопросы реанимационной помощи,36 часов,от 3000 руб.,"Для лиц, имеющих высшее медицинское профессиональное образование.",https://xn--e1ako1a.xn--p1ai/uslugi/nmo/transfuziologiya_obshchie_voprosy_reanimatsionnoy_pomoshchi/
Непрерывное медицинское образование (НМО),Трансфузиология. Общие вопросы трансфузиологии,36 часов,от 3000 руб.,"Для лиц, имеющих высшее медицинское профессиональное образование.",https://xn--e1ako1a.xn--p1ai/uslugi/nmo/transfuziologiya_obshchie_voprosy_transfuziologii/
Непрерывное медицинское образование (НМО),Трансфузиология. Трансфузиология при шоковых состояниях,36 часов,от 3000 руб.,"Для лиц, имеющих высшее медицинское профессиональное образование.",https://xn--e1ako1a.xn--p1ai/uslugi/nmo/transfuziologiya_transfuziologiya_pri_shokovykh_sostoyaniyakh/
Непрерывное медицинское образование (НМО),Физиотерапия. Физиотерапия больных с заболеваниями кожи,36 часов,от 3000 руб.,"Для лиц, имеющих высшее медицинское профессиональное образование.",https://xn--e1ako1a.xn--p1ai/uslugi/nmo/fizioterapiya_fizioterapiya_bolnykh_s_zabolevaniyami_kozhi/
Непрерывное медицинское образование (НМО),Физиотерапия. Физиотерапия больных с инфекционными заболеваниями,36 часов,от 3000 руб.,"Для лиц, имеющих высшее медицинское профессиональное образование.",https://xn--e1ako1a.xn--p1ai/uslugi/nmo/fizioterapiya_fizioterapiya_bolnykh_s_infektsionnymi_zabolevaniyami/
Непрерывное медицинское образование (НМО),Фтизиатрия. Внелегочные формы туберкулеза,36 часов,от 3000 руб.,"Для лиц, имеющих высшее медицинское профессиональное образование.",https://xn--e1ako1a.xn--p1ai/uslugi/nmo/ftiziatriya_vnelegochnye_formy_tuberkuleza/
Непрерывное медицинское образование (НМО),Фтизиатрия. Общие вопросы диагностики и терапии туберкулеза,36 часов,от 3000 руб.,"Для лиц, имеющих высшее медицинское профессиональное образование.",https://xn--e1ako1a.xn--p1ai/uslugi/nmo/ftiziatriya_obshchie_voprosy_diagnostiki_i_terapii_tuberkuleza/
Непрерывное медицинское образование (НМО),Фтизиатрия. Общие вопросы фтизиатрии,36 часов,от 3000 руб.,"Для лиц, имеющих высшее медицинское профессиональное образование.",https://xn--e1ako1a.xn--p1ai/uslugi/nmo/ftiziatriya_obshchie_voprosy_ftiziatrii/
Непрерывное медицинское образование (НМО),Фтизиатрия. Туберкулез легких,36 часов,от 3000 руб.,"Для лиц, имеющих высшее медицинское профессиональное образование.",https://xn--e1ako1a.xn--p1ai/uslugi/nmo/ftiziatriya_tuberkulez_legkikh/
Непрерывное медицинское образование (НМО),Функциональная диагностика. Актуальные вопросы клинической электрокардиографии,36 часов,от 3000 руб.,"Для лиц, имеющих высшее медицинское профессиональное образование.",https://xn--e1ako1a.xn--p1ai/uslugi/nmo/funktsionalnaya_diagnostika_aktualnye_voprosy_klinicheskoy_elektrokardiografii/
Непрерывное медицинское образование (НМО),Функциональная диагностика. Актуальные вопросы ультразвуковой функциональной диагностики сердечно-сосудистой системы,36 часов,от 3000 руб.,"Для лиц, имеющих высшее медицинское профессиональное образование.",https://xn--e1ako1a.xn--p1ai/uslugi/nmo/funktsionalnaya_diagnostika_aktualnye_voprosy_ultrazvukovoy_funktsionalnoy_diagnostiki_serdechno_sos/
Непрерывное медицинское образование (НМО),Функциональная диагностика. Актуальные вопросы функциональной диагностики нервной системы,36 часов,от 3000 руб.,"Для лиц, имеющих высшее медицинское профессиональное образование.",https://xn--e1ako1a.xn--p1ai/uslugi/nmo/funktsionalnaya_diagnostika_aktualnye_voprosy_funktsionalnoy_diagnostiki_nervnoy_sistemy/
Непрерывное медицинское образование (НМО),Функциональная диагностика. Актуальные вопросы функциональной диагностики системы дыхания,36 часов,от 3000 руб.,"Для лиц, имеющих высшее медицинское профессиональное образование.",https://xn--e1ako1a.xn--p1ai/uslugi/nmo/funktsionalnaya_diagnostika_aktualnye_voprosy_funktsionalnoy_diagnostiki_sistemy_dykhaniya/
Непрерывное медицинское образование (НМО),Функциональная диагностика. Актуальные вопросы эхокардиографии,36 часов,от 3000 руб.,"Для лиц, имеющих высшее медицинское профессиональное образование.",https://xn--e1ako1a.xn--p1ai/uslugi/nmo/funktsionalnaya_diagnostika_aktualnye_voprosy_ekhokardiografii/
Непрерывное медицинское образование (НМО),Функциональная диагностика. Общие вопросы функциональной диагностики,36 часов,от 3000 руб.,"Для лиц, имеющих высшее медицинское профессиональное образование.",https://xn--e1ako1a.xn--p1ai/uslugi/nmo/funktsionalnaya_diagnostika_obshchie_voprosy_funktsionalnoy_diagnostiki/
Непрерывное медицинское образование (НМО),Хирургия. Актуальные вопросы абдоминальной хирургии,36 часов,от 3000 руб.,"Для лиц, имеющих высшее медицинское профессиональное образование.",https://xn--e1ako1a.xn--p1ai/uslugi/nmo/khirurgiya_aktualnye_voprosy_abdominalnoy_khirurgii/
Непрерывное медицинское образование (НМО),Хирургия. Актуальные вопросы гнойной хирургии,36 часов,от 3000 руб.,"Для лиц, имеющих высшее медицинское профессиональное образование.",https://xn--e1ako1a.xn--p1ai/uslugi/nmo/khirurgiya_aktualnye_voprosy_gnoynoy_khirurgii/
Непрерывное медицинское образование (НМО),Хирургия. Актуальные вопросы хирургии новорожденных,36 часов,от 3000 руб.,"Для лиц, имеющих высшее медицинское профессиональное образование.",https://xn--e1ako1a.xn--p1ai/uslugi/nmo/khirurgiya_aktualnye_voprosy_khirurgii_novorozhdennykh/
Непрерывное медицинское образование (НМО),Хирургия. Частные вопросы хирургии,36 часов,от 3000 руб.,"Для лиц, имеющих высшее медицинское профессиональное образование.",https://xn--e1ako1a.xn--p1ai/uslugi/nmo/khirurgiya_chastnye_voprosy_khirurgii/
Непрерывное медицинское образование (НМО),Эндокринология. Актуальные вопросы ведения пациентов с сахарным диабетом,36 часов,от 3000 руб.,"Для лиц, имеющих высшее медицинское профессиональное образование.",https://xn--e1ako1a.xn--p1ai/uslugi/nmo/endokrinologiya_aktualnye_voprosy_vedeniya_patsientov_s_sakharnym_diabetom/
Непрерывное медицинское образование (НМО),Эндокринология. Ведение пациентов с патологией половых желез,36 часов,от 3000 руб.,"Для лиц, имеющих высшее медицинское профессиональное образование.",https://xn--e1ako1a.xn--p1ai/uslugi/nmo/endokrinologiya_vedenie_patsientov_s_patologiey_polovykh_zhelez/
Непрерывное медицинское образование (НМО),Эндокринология. Общие вопросы нейроэндокринологии,36 часов,от 3000 руб.,"Для лиц, имеющих высшее медицинское профессиональное образование.",https://xn--e1ako1a.xn--p1ai/uslugi/nmo/endokrinologiya_obshchie_voprosy_neyroendokrinologii/
Непрерывное медицинское образование (НМО),Эндокринология. Общие вопросы тиреидологии,36 часов,от 3000 руб.,"Для лиц, имеющих высшее медицинское профессиональное образование.",https://xn--e1ako1a.xn--p1ai/uslugi/nmo/endokrinologiya_obshchie_voprosy_tireidologii/
Непрерывное медицинское образование (НМО),Эндокринология. Общие вопросы эндокринологии,36 часов,от 3000 руб.,"Для лиц, имеющих высшее медицинское профессиональное образование.",https://xn--e1ako1a.xn--p1ai/uslugi/nmo/endokrinologiya_obshchie_voprosy_endokrinologii/
Непрерывное медицинское образование (НМО),Эндоскопия. Лапароскопические и внутрипросветные эндоскопические вмешательства в диагностике и лечении основных ургентных заболеваний органов брюшной полости,36 часов,от 3000 руб.,"Для лиц, имеющих высшее медицинское профессиональное образование.",https://xn--e1ako1a.xn--p1ai/uslugi/nmo/endoskopiya_laparoskopicheskie_i_vnutriprosvetnye_endoskopicheskie_vmeshatelstva_v_diagnostike_i_lech/
Непрерывное медицинское образование (НМО),Эндоскопия. Современные возможности эндоскопических методик в лечении хронического панкреатита и его осложнений,36 часов,от 3000 руб.,"Для лиц, имеющих высшее медицинское профессиональное образование.",https://xn--e1ako1a.xn--p1ai/uslugi/nmo/endoskopiya_sovremennye_vozmozhnosti_endoskopicheskikh_metodik_v_lechenii_khronicheskogo_pankreatita/
Непрерывное медицинское образование (НМО),Эпидемиология. Иммунопрофилактика пневмококковых инфекций,36 часов,от 3000 руб.,"Для лиц, имеющих высшее медицинское профессиональное образование.",https://xn--e1ako1a.xn--p1ai/uslugi/nmo/epidemiologiya_immunoprofilaktika_pnevmokokkovykh_infektsiy/
Непрерывное медицинское образование (НМО),Эпидемиология. Пневмококковые инфекции: клинико-эпидемиологические аспекты,36 часов,от 3000 руб.,"Для лиц, имеющих высшее медицинское профессиональное образование.",https://xn--e1ako1a.xn--p1ai/uslugi/nmo/epidemiologiya_pnevmokokkovye_infektsii_kliniko_epidemiologicheskie_aspekty/
Непрерывное медицинское образование (НМО),"Профилактика, диагностика и лечение коронавирусной инфекции (COVID-19)",36 часов,от 3000 руб.,"Для лиц, имеющих высшее медицинское профессиональное образование.",https://xn--e1ako1a.xn--p1ai/uslugi/nmo/profilaktika_diagnostika_i_lechenie_koronavirusnoy_infektsii_covid_19/
Непрерывное медицинское образование (НМО),Безопасная работа с возбудителями особо опасных инфекций 1 и 2 класса,36 часов,от 3000 руб.,"Для лиц, имеющих высшее медицинское профессиональное образование.",https://xn--e1ako1a.xn--p1ai/uslugi/nmo/bezopasnaya_rabota_s_vozbuditelyami_osobo_opasnykh_infektsiy_1_i_2_klassa/
Непрерывное медицинское образование (НМО),"Актуальные вопросы профилактики, диагностики и лечения коронавирусной инфекции COVID-19",36 часов,от 1500 руб.,"Для лиц, имеющих высшее медицинское профессиональное образование.",https://xn--e1ako1a.xn--p1ai/uslugi/nmo/aktualnye_voprosy_profilaktiki_diagnostiki_i_lecheniya_koronavirusnoy_infektsii_covid_19/
Непрерывное медицинское образование (НМО),Клинико-фармакологические аспекты ведения пациентов с коронавирусной инфекцией COVID-19,36 часов,от 3000 руб.,"Для лиц, имеющих высшее медицинское профессиональное образование.",https://xn--e1ako1a.xn--p1ai/uslugi/nmo/kliniko_farmakologicheskie_aspekty_vedeniya_patsientov_s_koronavirusnoy_infektsiey_covid_19/
Непрерывное медицинское образование (НМО),Организация оказания медицинской помощи пациентам с новой коронавирусной инфекцией COVID-19 в амбулаторных условиях,36 часов,от 3000 руб.,"Для лиц, имеющих высшее медицинское профессиональное образование.",https://xn--e1ako1a.xn--p1ai/uslugi/nmo/organizatsiya_okazaniya_meditsinskoy_pomoshchi_patsientam_s_novoy_koronavirusnoy_infektsiey_covid_19/
Непрерывное медицинское образование (НМО),Интубация трахеи - обеспечение проходимости верхних дыхательных путей при коронавирусной инфекции COVID-19,36 часов,от 3000 руб.,"Для лиц, имеющих высшее медицинское профессиональное образование.",https://xn--e1ako1a.xn--p1ai/uslugi/nmo/intubatsiya_trakhei_obespechenie_prokhodimosti_verkhnikh_dykhatelnykh_putey_pri_koronavirusnoy_infek/
Непрерывное медицинское образование (НМО),Медицинская помощь пациентам с новой коронавирусной инфекцией COVID-19,36 часов,от 3000 руб.,"Для лиц, имеющих среднее медицинское образование.",https://xn--e1ako1a.xn--p1ai/uslugi/nmo/meditsinskaya_pomoshch_patsientam_s_novoy_koronavirusnoy_infektsiey_covid_19/
Непрерывное медицинское образование (НМО),Избранные вопросы фармакологии,36 часов,от 3000 руб.,"Для лиц, имеющих высшее образование по следующим специальностям: Основная специальность: Фармация. Дополнительные специальности: Фармацевтическая технология; Фармацевтическая химия и фармакогнозия.",https://xn--e1ako1a.xn--p1ai/uslugi/nmo/izbrannye-voprosy-biofarmacevticheskoj-ocenki-lekarstvennykh-preparatov/
Непрерывное медицинское образование (НМО),Оптометрия в практике детского офтальмолога,36 часов,от 3000 руб.,Для врачей по специальности «Офтальмология»,https://xn--e1ako1a.xn--p1ai/uslugi/nmo/optometriya-v-praktike-detskogo-oftalmologa/
Непрерывное медицинское образование (НМО),Комплексная терапия аккомодационных нарушений,36 часов,от 3000 руб.,Для врачей по специальности «Офтальмология»,https://xn--e1ako1a.xn--p1ai/uslugi/nmo/kompleksnaya-terapiya-akkomodacionnykh-narushenij/
Непрерывное медицинское образование (НМО),Теоретические и практические аспекты лечения косоглазия и амблиопии,36 часов,от 3000 руб.,Для врачей по специальности «Офтальмология»,https://xn--e1ako1a.xn--p1ai/uslugi/nmo/teoreticheskie-i-prakticheskie-aspekty-lecheniya-kosoglaziya-i-ambliopii/
Непрерывное медицинское образование (НМО),Современные методы применения фитотерапии,36 часов,от 3000 руб.,"Для лиц, имеющих высшее образование по следующим специальностям: Основная специальность: Фармация. Дополнительные специальности: Фармацевтическая технология; Фармацевтическая химия и фармакогнозия.",https://xn--e1ako1a.xn--p1ai/uslugi/nmo/sovremennye-metody-primeneniya-fitoterapii/
Непрерывное медицинское образование (НМО),Избранные вопросы фармакологии,36 часов,от 3000 руб.,"Для лиц, имеющих высшее образование по следующим специальностям: Основная специальность: Фармация. Дополнительные специальности: Фармацевтическая технология; Фармацевтическая химия и фармакогнозия.",https://xn--e1ako1a.xn--p1ai/uslugi/nmo/izbrannye-voprosy-farmakologii/
Непрерывное медицинское образование (НМО),Неинвазивная искусственная вентиляция легких у пациентов с новой коронавирусной инфекцией COVID-19,72 часов,от 6000 руб,"Лица, имеющие высшее медицинское образование по следующим специальностям: Основная специальность: врач-терапевт. Дополнительные специальности:врачи терапевтического профиля: врач общей врачебной практики (семейный врач), врач-аллерголог-иммунолог, врач-гастроэнтеролог, врач-гематолог, врач-гериатр, врач-дерматовенеролог, врач-диетолог, врач-диабетолог, врач-инфекционист, врач-кардиолог, врач-клинический фармаколог, врач-косметолог, врач-мануальный терапевт, врач-медико-социальный эксперт, врач-невролог, врач-нефролог, врач по лечебной физкультуре и спортивной медицине, врач-психиатр, врач-психиатр-нарколог, врач-психотерапевт, врач-профпатолог, врач-пульмонолог, врач-ревматолог, врач-рефлексотерапевт, врач-сексолог, врач-трансфузиолог, врач-токсиколог, врач-уролог, врач-фтизиатр, врач-физиотерапевт, врач-эндокринолог.",https://xn--e1ako1a.xn--p1ai/uslugi/nmo/neinvazivnaya-iskusstvennaya-ventilyatsiya-legkikh-u-patsientov-s-novoy-koronavirusnoy-infektsiey-co/
Непрерывное медицинское образование (НМО),Эффективное использование инфраструктуры терренкуров в санаторно-курортном лечении,18 часов,от 3000 руб.,"Врачи ЛФК, с высшим профессиональным образованием по специальности «Лечебное дело», «Педиатрия» и средним профессиональным образованием по одной из специальностей: ""Лечебное дело"", ""Акушерское дело"", ""Сестринское дело"".",https://xn--e1ako1a.xn--p1ai/uslugi/nmo/effektivnoe-ispolzovanie-infrastruktury-terrenkurov-v-sanatorno-kurortnom-lechenii/
Непрерывное медицинское образование (НМО),Организация дезинфекционной деятельности в медицинской организации,36 часов,от 3000 руб.,"Лица, имеющие среднее медицинское образование по специальностям: «Акушерское дело», «Анестезиология и реаниматология», «Медико-социальная помощь», «Медицинский массаж», «Лечебное дело», «Общая практика», «Операционное дело», «Реабилитационное сестринское дело», «Сестринское дело», «Сестринское дело в косметологии», «Сестринское дело в педиатрии», «Стоматология», «Скорая и неотложная помощь», «Физиотерапия», «Функциональная диагностика».",https://xn--e1ako1a.xn--p1ai/uslugi/nmo/organizatsiya-dezinfektsionnoy-deyatelnosti-v-meditsinskoy-organizatsii/
